id,url,createdTime,Scale,Required Content,Sheet ID,QA Criteria,Blocking Issue,Status,Primary Scope,Evidence Grade,Notes,Output,Type,Drawing
3c60b963-e600-8102-94a3-f4f1abc08d44,https://app.notion.com/3c60b963e600810294a3f4f1abc08d44,2026-08-24 06:15:02Z,1:500,"modern DEM, modern esplanade, Herodian pavement, ancient street, bedrock levels",G-02,each datum has source and uncertainty,reliable elevation sources,Researching,Herodian pavement/bedrock elevations,C,,"[""Notion"",""SVG"",""PDF""]",Terrain/Geo,Historical vertical datum sheet
3c60b963-e600-810f-8ee6-f40e72265c40,https://app.notion.com/3c60b963e600810f8ee6f40e72265c40,2026-08-24 06:15:02Z,1:100,"70c body decomposition, 20c interior, side cells/passages, 100c total vertical stack",S-03,70c decomposition exact,side-cell storeys and openings,Draft,Sanctuary cross-section,B,"v0.1 actual files verified/generated: Herod_Temple_S03_Sanctuary_NS_Section_v0_1.svg/.dxf/.png. QA: body N–S 70c; foundation-bottom to spike-top total 100c; working side-cell section uses Patrich/Ritmeyer reconstruction for 12c clear stories, 2c intermediate floors, stepped Hekhal walls and Upper Chamber lateral envelope. Raw Middot vertical chain remains hard control.","[""SVG"",""DXF"",""PDF"",""Blender Ref""]",Section,N-S section through Hekhal/Debir
3c60b963-e600-8135-accd-ea687cbe26a4,https://app.notion.com/3c60b963e6008135accdea687cbe26a4,2026-08-24 06:15:02Z,same as P-01,A/B/C/D or Locked/Variant/Hypothesis/Unresolved colored overlay,Q-01,no ungraded geometry remains,requires Structure Registry completion,Planned,Master plan,B,Required before Blender LOD1.,"[""Notion"",""SVG"",""PNG"",""PDF""]",QA Overlay,Evidence confidence overlay
3c60b963-e600-8136-b53c-e5c351dc7594,https://app.notion.com/3c60b963e6008136b53ce5c351dc7594,2026-08-24 06:15:02Z,1:100,"ALTAR_MID stepped profile, ramp slope, slaughter zone, north/south margins",S-02,32c altar and 32c ramp source dims preserved,"raw Middot leaves 25c split unresolved; ramp is 32c long by 16c wide in Middot 3:3, while N–S ground occupancy/ramp+altar closure is treated differently in Yoma/Rambam; absolute H0 Y not released",Draft,Altar + ramp + shambles,B,v0.1 generated: Herod_Temple_S02_Altar_NS_Constraint_Rambam_v0_1.svg/.dxf/.png + manifest. Sheet separates RAW MIDDOT 135c constraints from RAMBAM 12.5/12.5 allocation variant.,"[""SVG"",""DXF"",""PDF"",""Blender Ref""]",Section,N-S section through altar
3c60b963-e600-8138-9ce2-c2e3c51f8370,https://app.notion.com/3c60b963e60081389ce2c2e3c51f8370,2026-08-24 06:15:02Z,1:1000,"A/B/C control points, source, uncertainty radius, residual vectors, north/axis definitions",G-01,scale fixed 1.000; RMS reported,survey-grade coordinates,Researching,Temple Mount world placement,B,No code/runtime modification during research phase.,"[""Notion"",""SVG"",""PDF""]",Terrain/Geo,Geospatial control-point sheet
3c60b963-e600-8144-b7df-ff37bf560bd0,https://app.notion.com/3c60b963e6008144b7dfff37bf560bd0,2026-08-24 06:15:02Z,1:50,"20×40 Ulam, 10×20 Hekhal, wall thickness bands, door/no-door distinction",D-02,opening dimensions not confused with gatehouse dimensions,door leaf construction and ornament,Planned,Sanctuary openings,B,,"[""SVG"",""DXF"",""PDF""]",Detail,Ulam + Hekhal openings detail
3c60b963-e600-814c-b84e-d906f0b7b035,https://app.notion.com/3c60b963e600814cb84ed906f0b7b035,2026-08-24 06:15:02Z,1:200,"all court level changes, 15 steps, altar, 22c gap, 12 Ulam steps, sanctuary vertical stack",S-01,horizontal and vertical checksums both pass,Nicanor gatehouse depth/threshold and exact Israel→Priests transition horizontal platform remain unresolved; Women→Israel vertical/run chain now source-derived.,Draft,Women Court → Debir,B,"v0.1 generated: Herod_Temple_S01_Central_EW_Longitudinal_Section_v0_1.svg/.dxf + level manifest. Azarah X=-38…149c closes 187c. Working local levels: Priests -6c, Israel -8.5c (R. Eliezer variant), Women -16c, Hel -22c; Nicanor absolute X not released.","[""Notion"",""SVG"",""DXF"",""PDF"",""Blender Ref""]",Section,Central E-W longitudinal section
3c60b963-e600-8163-a357-e71dafdc8e75,https://app.notion.com/3c60b963e6008163a357e71dafdc8e75,2026-08-24 06:15:02Z,1:100 / 1:50,"Middot standard 10×20, Josephus 15×30, Corinthian east gate variant, gatehouse unknown zones",P-05,opening dimension vs gatehouse dimension separated,gate identity mapping and house depths,Researching,Nicanor and inner gates,B,,"[""Notion"",""SVG"",""DXF"",""PDF""]",Plan,Gate system comparison plan
3c60b963-e600-816f-816d-d89b1448ba8d,https://app.notion.com/3c60b963e600816f816dd89b1448ba8d,2026-08-24 06:15:02Z,1:1000 / 1:500,"outer enclosure, 500c core hypothesis, sacred precinct axis, all primary access points, confidence line styles",P-00,no geometric rescale; all variants separated,survey-grade outer-wall polygon and axis lock,Researching,Temple Mount whole site,B,Primary site placement sheet.,"[""Notion"",""SVG"",""DXF"",""PDF"",""Blender Ref""]",Plan,Master site plan · Herodian enclosure + 500c core + sacred precinct
3c60b963-e600-817a-941c-d1bbf21ff57b,https://app.notion.com/3c60b963e600817a941cd1bbf21ff57b,2026-08-24 06:15:02Z,1:500,"wall, core-square relation, terrain/bedrock section markers, gate axis",E-03,modern wall observations vs reconstructed upper works separated,survey and historical level data,Researching,Eastern retaining wall / Shushan axis,B,,"[""Notion"",""SVG"",""DXF"",""PDF""]",Elevation,Temple Mount east elevation
3c60b963-e600-8185-b24e-d557413b85d2,https://app.notion.com/3c60b963e6008185b24ed557413b85d2,2026-08-24 06:15:02Z,1:250,"187×135 court, 135×135 women court, all E-W dimension chains, H0",P-01,187c and 100c checksum exact,Nicanor gatehouse and exact Hel/Soreg perimeter,Draft,Azarah + Court of Women + Sanctuary,B,Core Blender blockout reference.,"[""Notion"",""SVG"",""DXF"",""PDF"",""Blender Ref""]",Plan,Sacred precinct master plan
3c60b963-e600-8199-8219-c4fed8bd5f0a,https://app.notion.com/3c60b963e60081998219c4fed8bd5f0a,2026-08-24 06:15:02Z,1:100,"135 square, four 40c chambers, 15 semicircular steps, balcony epoch variant",P-04,chambers remain 40c; roofless state noted,15-step radii/treads and balcony date/model epoch,Planned,Court of Women,B,,"[""Notion"",""SVG"",""DXF"",""PDF""]",Plan,Court of Women detail
3c60b963-e600-81a9-8bff-d618f660685b,https://app.notion.com/3c60b963e60081a98bffd618f660685b,2026-08-24 06:15:02Z,1:50,plan + section of 32c stepped altar and 50×50×15 Josephus massing,D-01,variant labels and source passages visible,none for textual comparison,Planned,Altar variants,B,,"[""Notion"",""SVG"",""DXF"",""PDF""]",Detail,Altar MID vs Josephus comparison
3c60b963-e600-81af-b806-cbcea83de33e,https://app.notion.com/3c60b963e60081afb806cbcea83de33e,2026-08-24 06:15:02Z,1:250,"bedrock, Herodian fill, retaining wall, pavement, modern DEM comparison",S-04,modern vs ancient surfaces never fused,historical vertical datum and bedrock contours,Researching,Moriah slope / fill / platform,C,,"[""Notion"",""SVG"",""DXF"",""PDF""]",Section,Retaining wall + bedrock conceptual section
3c60b963-e600-81bf-a9a2-fc52be173c8c,https://app.notion.com/3c60b963e60081bfa9a2fc52be173c8c,2026-08-24 06:15:02Z,1:500 / 1:200,"Double/Triple gates, stairs, Royal Stoa silhouette, ancient street/topography",E-04,excavated remains visually distinguished from reconstructed superstructure,survey-grade gate/stair elevations,Researching,South wall,B,,"[""Notion"",""SVG"",""DXF"",""PDF""]",Elevation,Temple Mount south elevation + Huldah approaches
3c60b963-e600-81d6-9ad6-da2d86f2c12c,https://app.notion.com/3c60b963e60081d69ad6da2d86f2c12c,2026-08-24 06:15:02Z,1:100,"ALTAR_MID, ALTAR_JOS overlay, 32×16 ramp, 62c combined span logic, rings/tables/pillars",P-03,MID/JOS variants never merged,ramp exact E-W offset; rings/tables/pillars exact E-W footprints and spacing; drain network remain unresolved; raw Middot still does not independently fix full Y allocation,Draft,Altar precinct,B,v0.2 CORRECTED files generated: Herod_Temple_P03_Altar_Ramp_Slaughter_Plan_v0_2.svg/.dxf/.png + Manifest JSON. Correction: Rambam ramp 32c source length consumes 30c on ground and overlaps 2c northward onto altar foundation/sovev; v0.1 southward extension is superseded. Absolute H0-Y now available only as RAMBAM_AZARAH_Y production variant via P-05; raw Middot constraint remains separate.,"[""Notion"",""SVG"",""DXF"",""PDF"",""Blender Ref""]",Plan,Altar + ramp + slaughter zone plan
3c60b963-e600-81d8-b4d2-cf5a2066cef0,https://app.notion.com/3c60b963e60081d8b4d2cf5a2066cef0,2026-08-24 06:15:02Z,1:100,"70c body width, cell bands, parapet/roof variants",E-02,vertical total remains 100c,rear façade detail,Planned,Sanctuary rear,B,,"[""SVG"",""DXF"",""PDF""]",Elevation,Sanctuary west elevation
3c60b963-e600-81db-8e0e-c0601bb10108,https://app.notion.com/3c60b963e60081db8e0ec0601bb10108,2026-08-24 06:15:02Z,same as P-01/P-02,"187c chain, 100c E-W, 70c N-S, 135c courts, 100c vertical sum",Q-02,all sums zero-error,none after draft geometry exists,Planned,Master plan + sanctuary,B,,"[""SVG"",""PDF""]",QA Overlay,Dimension checksum overlay
3c60b963-e600-81e6-ac42-c6778140b000,https://app.notion.com/3c60b963e60081e6ac42c6778140b000,2026-08-24 06:15:02Z,1:100,"100c E-W decomposition, 70c N-S body, 100c façade, openings and side-cell bands",P-02,100c E-W / 70c N-S exact,individual side-cell subdivisions and door system,Draft,"Ulam, Hekhal, Traksin, Debir, side cells",B,2026-08-24 drawing master resumed. Generated chat artifacts: Herod_Temple_P02_Sanctuary_Master_v0_2.svg / .dxf. H0=Debir center; X=-27…+73c sanctuary E-W; Y=±35c body; Ulam Y=±50c. Side-cell individual bays remain unresolved.,"[""Notion"",""SVG"",""DXF"",""PDF"",""Blender Ref""]",Plan,Sanctuary enlarged plan
3c60b963-e600-81f3-ac63-f4df6ed38c7b,https://app.notion.com/3c60b963e60081f3ac63f4df6ed38c7b,2026-08-24 06:15:02Z,1:100,"100c façade width, 100c total height, 20×40 Ulam opening, gold-plating evidence zones",E-01,structural outline independent of decorative hypotheses,exact decorative orders / gold extent,Draft,Sanctuary east front,B,"v0.1 actual files verified/generated: Herod_Temple_E01_Ulam_East_Elevation_v0_1.svg/.dxf/.png. Middot master: façade 100c, portal 20×40c, five ash beams 22/24/26/28/30c. Josephus 25×70c portal remains comparison layer only. Beam Z spacing/thickness is still unresolved and drawn as provisional reconstruction.","[""Notion"",""SVG"",""DXF"",""PDF"",""Blender Ref""]",Elevation,Ulam east façade elevation
3c60b963-e600-8115-9866-eb15df9149a0,https://app.notion.com/3c60b963e60081159866eb15df9149a0,2026-08-24 06:26:55Z,1:500,"arrival nodes, rightward circulation, normal exit flow, portico/open court edges, exception counterflow note",C-03,Middot 2:2 circulation readable without implying painted lane,exact tunnel emergence points,Draft,Outer platform,A,,"[""Notion"",""SVG"",""PDF"",""Blender Ref""]",Plan,Outer court right-hand circulation plan
3c60b963-e600-8124-a689-d9d5043bdb18,https://app.notion.com/3c60b963e6008124a689d9d5043bdb18,2026-08-24 06:26:55Z,1:100,"rockscarp, north portico relationship, Antonia hypothesis, retaining structure",F-04,rock evidence and fortress reconstruction independently graded,Antonia footprint and exact joining levels,Researching,Northwest mount,C,,"[""Notion"",""SVG"",""DXF"",""PDF""]",Section,Northwest rockscarp / Antonia interface section
3c60b963-e600-8135-81ca-d5d19f9b574e,https://app.notion.com/3c60b963e600813581cad5d19f9b574e,2026-08-24 06:26:55Z,1:100,"Israel 11c, Priest 11c, 2.5c elevation variant, altar/ramp, north slaughter system, access classes",C-06,public path stops; priest route continues without geometric collision,vertical variant and shambles detail,Draft,Azarah east/service zone,B,,"[""Notion"",""SVG"",""DXF"",""PDF"",""Blender Ref""]",Plan,Israel Court → Priests Court → altar service circulation
3c60b963-e600-8146-8c94-f27019df9acb,https://app.notion.com/3c60b963e60081468c94f27019df9acb,2026-08-24 06:26:55Z,1:1000,"South, West, Priest, East Special, Security routes; access boundaries; segment IDs",C-00,every route segment has From/To and no impossible discontinuity,world/site control later,Draft,City → Temple Mount → sacred precinct,B,Master movement diagram.,"[""Notion"",""SVG"",""PDF"",""Blender Ref""]",Plan,Complete pedestrian access network
3c60b963-e600-8146-9a63-fa24496077a2,https://app.notion.com/3c60b963e60081469a63fa24496077a2,2026-08-24 06:26:55Z,1:50 / 1:100,"bedrock contact, foundation courses, visible face, rear masonry/fill, pavement/ancient street relation",F-01,wall physically bears on bedrock/foundation; no floating face mesh,rear-face/foundation-depth continuity,Researching,Western retaining wall,B,,"[""Notion"",""SVG"",""DXF"",""PDF"",""Blender Ref""]",Section,Western retaining wall foundation section
3c60b963-e600-8164-8004-de4356e56416,https://app.notion.com/3c60b963e60081648004de4356e56416,2026-08-24 06:26:55Z,1:250 / schematic,"pilgrims-road drain, platform drains, southern outlets, altar pit/service drain, cistern/water nodes when evidenced",F-05,documented segments solid; inferred connections dashed/hypothesis,network continuity under inaccessible mount,Researching,Subsurface hydraulic systems,B,,"[""Notion"",""SVG"",""DXF"",""PDF"",""Blender Ref""]",Plan,Drainage / water / altar service network
3c60b963-e600-818b-8c0e-d8f0a7fecc28,https://app.notion.com/3c60b963e600818b8c0ed8f0a7fecc28,2026-08-24 06:26:55Z,1:100 / 1:250,"masonry phases, core-square relation, bedrock/pavement levels, Shushan axis marker",F-03,older/core hypothesis not mislabeled as whole Herodian enclosure,phase breaks and rear face,Researching,Eastern wall and older core,B,,"[""Notion"",""SVG"",""DXF"",""PDF""]",Section,Eastern wall / 500-cubit core foundation section
3c60b963-e600-819c-8bbf-fc9eaa1617ab,https://app.notion.com/3c60b963e600819c8bbffc9eaa1617ab,2026-08-24 06:26:55Z,1:250,"retaining walls, fill volumes, vaults, gate tunnels, west causeway, drainage voids",F-07,all upper loads trace to support/rock,requires F-00/F-02/F-05 baseline,Planned,Substructure 3D logic,C,Construction-under-the-skin reference.,"[""Notion"",""SVG"",""PNG"",""PDF"",""Blender Ref""]",Detail,Vault/fill/tunnel exploded axonometric
3c60b963-e600-81a2-92b4-dcaf2f706093,https://app.notion.com/3c60b963e60081a292b4dcaf2f706093,2026-08-24 06:26:55Z,route QA,"eye height 1.65–1.75m, head clearance, shoulder/crowd clearance, stair/ramp collision, sightline checkpoints, light-transition zones",C-10,continuous walk from C-S01 through permitted endpoint; zero collision/teleport gaps,requires LOD0 geometry,Planned,All walkable segments,B,Not runtime code yet; architectural QA specification.,"[""Notion"",""PNG"",""PDF"",""Blender Ref""]",QA Overlay,First-person camera / collision / visibility QA
3c60b963-e600-81a7-8b6d-c5a1bfaa7216,https://app.notion.com/3c60b963e60081a78b6dc5a1bfaa7216,2026-08-24 06:26:55Z,1:100,"wall thickness, portals, tunnel voids, Triple-Gate support rooms, fill, stair foundations",F-02,observed vs reconstructed passage clearly distinguished,complete AD30 tunnel continuation,Researching,Southern retaining wall and portals,B,Primary foundation sheet for visitor entry.,"[""Notion"",""SVG"",""DXF"",""PDF"",""Blender Ref""]",Section,Southern wall + Double/Triple Gate substructure section
3c60b963-e600-81b6-99f0-dd50a05c54f4,https://app.notion.com/3c60b963e60081b699f0dd50a05c54f4,2026-08-24 06:26:55Z,1:500 plan / 1:250 profile,"stepped street, drainage, southern plaza, miqvaot, monumental stairs, portal landing, cumulative distance/elevation",C-01,"walkable grade/steps, drainage and purification zones included",survey-grade profile and platform threshold,Draft,Lower City to Huldah gates,B,Representative visitor entry route.,"[""Notion"",""SVG"",""DXF"",""PDF"",""Blender Ref""]",Section,South Pilgrim Route plan + longitudinal profile
3c60b963-e600-81b7-92d1-d722247c2546,https://app.notion.com/3c60b963e60081b792d1d722247c2546,2026-08-24 06:26:55Z,1:200,"miqvaot, rock-cut surfaces, stair foundation/supports, Double/Triple Gate landing zones, crowd approach",F-08,excavated remains distinguished from reconstruction,full published survey extraction,Researching,South approach,A,,"[""Notion"",""SVG"",""DXF"",""PDF"",""Blender Ref""]",Plan,Southern miqveh plaza + monumental stair foundation plan
3c60b963-e600-81c9-a1b7-d1bcf47c1634,https://app.notion.com/3c60b963e60081c9a1b7d1bcf47c1634,2026-08-24 06:26:55Z,1:250 / 1:500,"Public Outer, Jewish Clean, Women/Court, Israel Male, Priest Only, Sanctuary Priest, High Priest, Special Ritual",C-09,no first-person route crosses a boundary without access-class change,some boundary interpretations require source review,Draft,All courts and sanctuary,B,,"[""Notion"",""SVG"",""PNG"",""PDF""]",QA Overlay,Access-control / purity / role boundary overlay
3c60b963-e600-81d6-ae9f-ec1eb880becf,https://app.notion.com/3c60b963e60081d6ae9fec1eb880becf,2026-08-24 06:26:55Z,1:50 / 1:100,"portal threshold, wall thickness, vault, internal ascent/turn, light transitions, observed vs reconstructed continuation",C-02,1.75m eye-level clearance and collision-free path; no invented straight tunnel,exact AD30 termination/emergence,Researching,Southern gate wall passage,B,Critical for first-person entry.,"[""Notion"",""SVG"",""DXF"",""PDF"",""Blender Ref""]",Section,Huldah portal + tunnel longitudinal section
3c60b963-e600-81df-9818-d90b95c20333,https://app.notion.com/3c60b963e60081df9818d90b95c20333,2026-08-24 06:26:55Z,1:500,"natural bedrock, Herodian cuts, fill zones, inaccessible/unknown volumes, confidence hatching",F-00,modern DEM never substitutes for ancient bedrock,continuous bedrock survey surface,Researching,Temple Mount subgrade,C,Precedes all foundation drawing.,"[""Notion"",""SVG"",""DXF"",""PDF"",""Blender Ref""]",Terrain/Geo,Original bedrock / cut / fill master plan
3c60b963-e600-8109-ad46-faa989870572,https://app.notion.com/3c60b963e6008109ad46faa989870572,2026-08-24 06:26:55Z,1:100,"22c altar-Ulam gap, 12 steps, Ulam 20×40 opening, Hekhal 10×20 opening, Debir restriction",C-07,route access-class changes clearly marked,Porch step tread interpretation and door details,Draft,Inner priest route,B,,"[""Notion"",""SVG"",""DXF"",""PDF"",""Blender Ref""]",Section,Altar → Ulam → Hekhal service route
3c60b963-e600-8115-addf-dfcbb2412375,https://app.notion.com/3c60b963e6008115addfdfcbb2412375,2026-08-24 06:26:55Z,1:500,"Wilson causeway/bridge archaeology, western portal candidates, Kiponus textual mapping variants",C-08,no automatic identification; phases separated,text-gate ↔ archaeological-portal identity mapping,Researching,Upper City to western Temple Mount,B,,"[""Notion"",""SVG"",""DXF"",""PDF"",""Blender Ref""]",Plan,Western city / causeway access alternatives
3c60b963-e600-8119-8df3-cf546bbf9669,https://app.notion.com/3c60b963e60081198df3cf546bbf9669,2026-08-24 06:26:55Z,datum schedule,"Herodian pavement, gate thresholds, court levels, street levels, modern comparison, uncertainty range",F-06,every staircase begins/ends on named datum; modern elevation marked reference-only,historical platform-wide vertical datum,Researching,All finished floor levels,C,Required before vertical freeze.,"[""Notion"",""PDF"",""Blender Ref""]",Detail,Historical FFL / threshold / pavement datum schedule
3c60b963-e600-8187-8880-fcc42ee3fe17,https://app.notion.com/3c60b963e60081878880fcc42ee3fe17,2026-08-24 06:26:55Z,1:50,"Soreg 10 handbreadths, Hel 10c, 12×0.5c rise/tread, access boundary, landing",C-04,known dimensions exact; fence/gap plan uncertainty marked,exact Soreg perimeter/opening placement,Draft,Outer-to-inner sacred boundary,B,,"[""Notion"",""SVG"",""DXF"",""PDF"",""Blender Ref""]",Section,Soreg → Hel → 12 steps transition
3c60b963-e600-81dc-b211-e0e3bc18a98b,https://app.notion.com/3c60b963e60081dcb211e0e3bc18a98b,2026-08-24 06:26:55Z,1:50 / 1:100,"135c court datum, 15 semicircular steps, Levite zone, Nicanor threshold/opening, side chambers",C-05,15 risers and access transition explicit,semicircular plan radii and Nicanor gatehouse depth/wicket dimensions remain unresolved; longitudinal rise/tread profile is now source-derived.,Draft,Court of Women to Court of Israel,A,v0.1 interface files generated: Herod_Temple_S-NIC-01_Nicanor_15Step_Interface_v0_1.svg/.dxf. 15×0.5c rise/tread → 7.5c rise/run; central Nicanor opening uses 10×20c general gate class. Gatehouse depth intentionally uncommitted.,"[""Notion"",""SVG"",""DXF"",""PDF"",""Blender Ref""]",Section,Women Court → semicircular steps → Nicanor section
3c60b963-e600-8115-954b-c39536b884be,https://app.notion.com/3c60b963e6008115954bc39536b884be,2026-08-24 07:10:26Z,1:1 / magnified,"four fiber/color components, 72/24 yarn architecture interpretation, warp/weft model, real thickness",TEX-01,not treated as flat bitmap; thread-count claim matches source wording/interpretation,exact weave technique/thread diameter/loom setup,Researching,Curtain textile construction,A,,"[""Notion"",""SVG"",""PDF"",""PNG"",""Blender Ref""]",Detail,Parokhet weave master
3c60b963-e600-8118-8700-cebea49ee9f7,https://app.notion.com/3c60b963e60081188700cebea49ee9f7,2026-08-24 07:10:26Z,1:20,"24 rings variants, 8 pillars, 3 hook rows, table rows, altar offsets from Middot 5:1",D-SVC-01,counts exact; north-of-altar service workflow coherent,individual object dimensions,Researching,"Rings, pillars, cedar blocks, hooks, marble tables",A,,"[""Notion"",""SVG"",""DXF"",""PDF"",""Blender Ref""]",Plan,Slaughter-service system master grid
3c60b963-e600-8127-81e4-dd6a4e23b12e,https://app.notion.com/3c60b963e600812781e4dd6a4e23b12e,2026-08-24 07:10:26Z,material sheet,"base substrate, whitewash, red line, clean/daily/active/cleanup state masks, PBR guidance",D-ALT-04,temporary blood/ash/soot removable from base architecture; no modern plaster/paint look,exact pigment chemistry / lime composition,Draft,whole stone + lime + red line + transient states,A,,"[""Notion"",""PNG"",""PDF"",""Blender Ref""]",QA Overlay,Altar material + ritual surface-state sheet
3c60b963-e600-8138-8efb-f84f82992e89,https://app.notion.com/3c60b963e60081388efbf84f82992e89,2026-08-24 07:10:26Z,1:5,"R Judah/R Meir plan variants, table body, supports, rods, bread stacks, frankincense dishes",D-SHB-01,28 rods=14 per stack; 12 loaves; dimensional variants never averaged,table height/leg profile,Researching,Golden table + four supports + 28 rods,A,,"[""Notion"",""SVG"",""DXF"",""PDF"",""Blender Ref""]",Detail,Showbread Table complete assembly
3c60b963-e600-8166-98ce-da51e1945b99,https://app.notion.com/3c60b963e600816698ceda51e1945b99,2026-08-24 07:10:26Z,1:1 / artifact scale,"fragment IDs, scan/plate traces, dimensions, relief depth, original-location confidence",ORN-02,artifact-local motifs never generalized without placement evidence,scan/plate digitization and spatial attribution,Researching,"Double Gate cupola, rosettes, geometric panels, Corinthian/acanthus, mouldings/coffers",B,Feeds Royal Stoa and gate decoration assets.,"[""Notion"",""SVG"",""PDF"",""PNG"",""Blender Ref""]",Detail,Herodian ornament fragment / profile atlas
3c60b963-e600-8169-9572-ee36ed3c79e3,https://app.notion.com/3c60b963e60081699572ee36ed3c79e3,2026-08-24 07:10:26Z,1:1 / 1:2,"branch cross-section, junction, lamp cup/socket, base moulding, tool/metal surface",D-MEN-02,profile source tagged per element; no unsupported biblical motif imported silently,3D relief digitization + profile interpretation,Planned,Menorah hero profiles,B,,"[""Notion"",""SVG"",""PDF"",""Blender Ref""]",Detail,Menorah branch / lamp / base profile details
3c60b963-e600-817d-b395-c31fee58b385,https://app.notion.com/3c60b963e600817db395c31fee58b385,2026-08-24 07:10:26Z,1:5 / 1:10,"SW openings/pits, drain path variants, waterproof/stone interface",D-ALT-03,real boolean void; not conflated with storm drain,full hydraulic route/section,Researching,Altar drainage/service voids,A,,"[""Notion"",""SVG"",""DXF"",""PDF"",""Blender Ref""]",Detail,Altar drain / SW service openings
3c60b963-e600-817e-a604-d6165f070941,https://app.notion.com/3c60b963e600817ea604d6165f070941,2026-08-24 07:10:26Z,1:5 / asset atlas,"branch scaffold, leaf, grape, cluster modules, donor-added attachment logic, human-scale cluster variant",ORN-01,non-periodic; actual supports/attachments; no inferred weight from 300-priest tradition,exact spread/profile/attachment hardware,Researching,Hekhal golden vine,A,,"[""Notion"",""SVG"",""PDF"",""PNG"",""Blender Ref""]",Detail,Golden vine asset + attachment study
3c60b963-e600-8181-a28d-d25797307d22,https://app.notion.com/3c60b963e6008181a28dd25797307d22,2026-08-24 07:10:26Z,1:10 / 1:20,"Foundation Stone plan/section, 3-fingerbreadth projection, double-parokhet relationship, Yom Kippur path, Ark exclusion overlay",D-HOH-01,Ark master visibility=OFF; rock connected to bedrock; uncertainties bounded,stone plan outline and archaeological-geospatial correlation,Researching,Holy of Holies standing-state,A,,"[""Notion"",""SVG"",""DXF"",""PDF"",""Blender Ref""]",Plan,Debir / Foundation Stone / empty Holy of Holies
3c60b963-e600-8184-ac70-e1180efb557d,https://app.notion.com/3c60b963e6008184ac70e1180efb557d,2026-08-24 07:10:26Z,1:5,"placement, construction variants, horns/top/coals, gold cladding/solid interpretation layers",D-INC-01,presence evidence separated from typological exact dimensions,Second-Temple exact profile and dimensions,Researching,Holy Place incense altar,A,,"[""Notion"",""SVG"",""DXF"",""PDF"",""Blender Ref""]",Detail,Golden incense altar detail
3c60b963-e600-8186-bc73-f03149286a27,https://app.notion.com/3c60b963e6008186bc73f03149286a27,2026-08-24 07:10:26Z,1:2,"10×5 handbreadth loaf, fold variants, half-hollow rods, vertical supports, clearance",D-SHB-02,bread geometry coupled to correct table variant,bread thickness/form interpretation,Researching,Loaf/table interface,A,,"[""Notion"",""SVG"",""PDF"",""Blender Ref""]",Section,Showbread loaf fold + support-rod section
3c60b963-e600-81c8-8bca-f2a794b033d9,https://app.notion.com/3c60b963e60081c88bcaf2a794b033d9,2026-08-24 07:10:26Z,magnified / 1:1,"linen/wool yarn bundles, handbreadth thickness working conversion, edge/seam variants",TEX-02,implementation fiber size explicitly nonhistorical where unsourced,"thread diameter, seam/selvedge construction",Researching,Fiber/yarn/thickness/selvedge,A,,"[""Notion"",""SVG"",""PDF"",""PNG"",""Blender Ref""]",Section,Parokhet yarn + edge cross-section
3c60b963-e600-81ce-85f7-fe0fb617bfc0,https://app.notion.com/3c60b963e60081ce85f7fe0fb617bfc0,2026-08-24 07:10:26Z,1:10 / 1:20,"outer south opening, inner north opening, 1c interspace, ceiling support/hanging, drape envelope, priest path",TEX-03,zero-gap walk route; openings are actual topology,hanging hardware/curtain extents,Researching,Two curtains 1c apart,A,,"[""Notion"",""SVG"",""DXF"",""PDF"",""Blender Ref""]",Section,Double-parokhet hanging + Yom Kippur passage section
3c60b963-e600-81d4-b062-e7f434341f06,https://app.notion.com/3c60b963e60081d4b062e7f434341f06,2026-08-24 07:10:26Z,1:10,"four-door/folding variants, jambs, leaves, wall thickness, gold overlay, northern wicket path",D-DOOR-01,Middot variants preserved; door motion physically possible,leaf thickness/hinge/hardware/profile,Researching,Hekhal 20c×10c gate system,A,,"[""Notion"",""SVG"",""DXF"",""PDF"",""Blender Ref""]",Detail,Hekhal doorway / gold doors / wall-thickness detail
3c60b963-e600-81d6-92fe-e2a19b0fe95a,https://app.notion.com/3c60b963e60081d692fee2a19b0fe95a,2026-08-24 07:10:26Z,1:5 / 1:10,"horns, surround, walkway, fire-area boundary, whole-stone construction",D-ALT-02,no iron-hewn ashlar appearance; correct layer dimensions,horn exact profile/upper build sequence details,Researching,Outer altar upper architecture,A,,"[""Notion"",""SVG"",""DXF"",""PDF"",""Blender Ref""]",Detail,Altar horn / sovev / walkway construction detail
3c60b963-e600-81f2-9d8f-c79021e2f8c9,https://app.notion.com/3c60b963e60081f29d8fc79021e2f8c9,2026-08-24 07:10:26Z,1:20,"foundation, sovev, upper zone, horn zone, priest walkway, fire area, southern ramp",D-ALT-01,dimensional checksum zero error,total-height interpretation and upper detail reconciliation,Draft,32→30→28→26→24c altar profile,A,Core horizontal geometry is strong.,"[""Notion"",""SVG"",""DXF"",""PDF"",""Blender Ref""]",Section,Middot altar stepped geometry master
3c60b963-e600-81f3-8eff-c9a5b22c4513,https://app.notion.com/3c60b963e60081f38effc9a5b22c4513,2026-08-24 07:10:26Z,1:20 / 1:50,"Menorah, service step, Showbread Table assembly, incense altar, parokhet zones, Foundation Stone, access clearances",D-SAN-00,all sacred objects tied to Object IDs; Ark absent; no overlaps; orientation variants explicit,exact object offsets/profiles,Researching,Holy Place + Debir object placement,A,Build Packet B primary coordination sheet.,"[""Notion"",""SVG"",""DXF"",""PDF"",""Blender Ref""]",Plan,Sanctuary furnishings master plan
3c60b963-e600-8102-856a-e1d3a00a17d9,https://app.notion.com/3c60b963e6008102856ae1d3a00a17d9,2026-08-24 07:10:26Z,pattern atlas,"attested thematic constraints, forbidden zodiac/living-creature signs, hypothetical motif zones with confidence grading",TEX-04,no modern star chart; motif uncertainty visibly encoded,exact historical graphic layout unknown,Researching,Cosmic curtain motif,A,,"[""Notion"",""SVG"",""PNG"",""PDF"",""Blender Ref""]",QA Overlay,Josephus celestial embroidery confidence map
3c60b963-e600-8104-b711-d011a096d86e,https://app.notion.com/3c60b963e6008104b711d011a096d86e,2026-08-24 07:10:26Z,1:5 / 1:10,"central shaft, six branches, seven lamps, base, Arch-of-Titus proportion trace, textual variant overlay",D-MEN-01,exactly 7 lamps; relief-derived vs typological geometry color-coded,original vessel dimensions absent; relief-to-object calibration,Researching,Seven-branched Menorah,A,Generic emblem silhouette prohibited.,"[""Notion"",""SVG"",""PDF"",""Blender Ref""]",Elevation,Menorah overall elevation + proportion study
3c60b963-e600-8135-81fd-de5bfd634912,https://app.notion.com/3c60b963e600813581fdde5bfd634912,2026-08-24 07:23:33Z,1:50,12×0.5c rise; printed 1c tread variant; 3c/3c/4c landing sequence; R Judah top 5c variant; alternative textual-witness tread layer,S-01A,22c total approach closure maintained per selected variant; variants never averaged; Ulam FFL consistent with STEP03,tread textual reconciliation and initial 1c gap interpretation,Researching,Altar→Ulam 22c approach and twelve-step sequence,A,Essential before S-01 central longitudinal section is locked.,"[""Notion"",""SVG"",""DXF"",""PDF"",""Blender Ref""]",Section,Ulam approach 22c step/landing variant section
3c60b963-e600-8153-8b09-cab9449fe7b8,https://app.notion.com/3c60b963e60081538b09cab9449fe7b8,2026-08-24 07:23:33Z,1:100,62c altar+ramp; 8c gap; 24c rings; 4c;4c;8c; 25c unresolved allocation; Rambam 12.5/12.5 secondary overlay,P-05A,raw Middot bands sum 135c; 25c shown as unresolved allocation; no secondary interpretation rendered as raw text,final south-of-ramp vs pillars allocation and altar-axis interpretation,Draft,135c north–south courtyard decomposition without false absolute placement,A,"Generated chat artifacts: Herod_Temple_P05A_Azarah_NS_Constraint_v0_2.svg / .dxf. This is intentionally a source-constraint drawing, not a completed absolute-Y plan.","[""Notion"",""SVG"",""DXF"",""PDF"",""Blender Ref""]",Plan,Azarah N–S source-constraint plan
3c60b963-e600-81f6-be8c-deed1460b033,https://app.notion.com/3c60b963e60081f6be8cdeed1460b033,2026-08-24 07:23:33Z,1:100 / 1:50 steps inset,four 40c open chambers; balcony as phase/interpretation layer; 15 semicircular steps; chamber functions labeled; Nicanor interface unresolved zone,P-04A,135×135 and 4×40c dimensions exact; step count exactly 15; radius/tread derived values explicitly tagged,step radius/start landing; Nicanor gatehouse depth; balcony exact geometry/phase,Researching,135×135c Women Court and transition toward Nicanor/Israel Court,A,Generated chat artifacts: Herod_Temple_P04A_Women_Court_Nominal_v0_1.svg / .dxf. 135×135c and four 40c chambers are drawn; 15 semicircular arcs are topology-only with radius explicitly unresolved.,"[""Notion"",""SVG"",""DXF"",""PDF"",""Blender Ref""]",Plan,Women Court + 4 corner chambers + 15 semicircular steps
3c60b963-e600-81b7-9bcd-c10cb79f307b,https://app.notion.com/3c60b963e60081b79bcdc10cb79f307b,2026-08-24 07:23:33Z,1:50 / 1:100,15 north +15 south +8 west cell topology; lower/middle/upper widths 5/6/7c; NE corner five-opening node; mesibbah route; water-descent side,P-02A,cell counts exact; no invented equal bay lengths; every uncertain doorway offset dashed/UNRESOLVED,exact E-W subdivision of individual cells and all door offsets,Draft,38 side cells around Hekhal/Debir; north/south/west three-story network and mesibbah access,A,"v0.1 actual files verified/generated: Herod_Temple_P02A_Cell_Network_Patrich_v0_1.svg/.dxf/.png + Herod_Temple_P02A_Cell_Connectivity_Topology_v0_1.json. Working master uses CELL-PATRICH-RITMEYER; CELL-RAMBAM remains comparison-only. QA: N/S run 61c = 5×9+4×4; west lower/middle run 44c = 3×12+2×4; mesibbah working run 66c. Longitudinal bay lengths/heights remain reconstruction, not raw Middot.","[""Notion"",""SVG"",""DXF"",""PDF"",""Blender Ref""]",Plan,Sanctuary side-cell network + mesibbah plan
3c60b963-e600-81e4-8963-f2f24e443c4a,https://app.notion.com/3c60b963e60081e48963f2f24e443c4a,2026-08-24 07:23:33Z,coordinate schedule / 1:100,X=-38…+149c Azarah chain; Sanctuary X=-27…+73c; body Y=±35c; Ulam Y=±50c; meter/cubit dual labels; line-status legend,Q-03,"100c,70c,187c closures zero error; all sheets share same H0/+X/+Y; no geospatial skew",Azarah N–S absolute Y and Women Court gatehouse interface remain constrained layers,Draft,Sanctuary 100c/70c and Azarah 187c boundaries in shared H0 system,A,Generated chat artifacts: Herod_Temple_Q03_H0_Coordinate_Closure_v0_2.svg / .dxf. Uses same H0/+X/+Y convention as STEP 02A and P-02.,"[""Notion"",""SVG"",""DXF"",""PDF"",""Blender Ref""]",QA Overlay,H0 master coordinate closure overlay
3c60b963-e600-8177-9e38-dd17e43cda2d,https://app.notion.com/3c60b963e60081779e38dd17e43cda2d,2026-08-24 07:41:11Z,1:50 / stair detail,66c total run; 45c rise; 90 steps at 0.5c rise/tread; 7+14+7+14+7+17c sequence; landings at reconstructed story levels,D-MES-01,run=66c and rise=45c exact within Patrich variant; distinguish raw Middot 3c width from reconstructed longitudinal stair sequence,Patrich/Ritmeyer reconstruction rather than direct primary measurement; exact original stair-versus-ramp configuration remains interpretive,Draft,North-side mesibbah ascent from Sanctuary FFL to cell roof / Upper Chamber floor,B,v0.1 generated: Herod_Temple_D-MES-01_Mesibbah_Profile_Patrich_v0_1.svg/.dxf. Coupled to P-02A and S-03.,"[""Notion"",""SVG"",""DXF"",""PDF"",""Blender Ref""]",Section,Mesibbah stepped-ascent reconstruction profile
3c60b963-e600-8174-8a72-dd1b51bf42aa,https://app.notion.com/3c60b963e60081748a72dd1b51bf42aa,2026-08-24 07:44:48Z,1:20 / 1:10 openings,"2×2c lulin candidate, 1c wall setback, 2c clear spacing, H0 axes, derived count overlay",D-UP-01,Middot existence separated from Patrich dimensions; 25-count explicitly derived/reversible; no global roof-beam geometry implied,lulin size/setback/spacing are Patrich reconstruction; exact historical count unknown,Draft,Upper Chamber floor above 20×20c Holy of Holies,B,v0.1 generated: Herod_Temple_D-UP-01_Lulin_Grid_Patrich_Derived_v0_1.svg/.dxf. Uniform spacing over 20c mathematically yields 5×5=25 openings.,"[""Notion"",""SVG"",""DXF"",""PDF"",""Blender Ref""]",Plan,Holy-of-Holies overhead lulin maintenance grid
3c60b963-e600-81ff-9291-c32a913cc4d0,https://app.notion.com/3c60b963e60081ff9291c32a913cc4d0,2026-08-24 07:44:48Z,1:10 / module,"3×3c reconstructed beam bay, possible centered 2×2c lulin relationship, source-status legend",D-ROOF-01,module only; global grid origin/phase and beam cross-section remain unresolved,beam widths/depths and full-grid phase not preserved by primary sources,Draft,Lower/Upper sanctuary roof-beam reconstruction module,B,v0.1 generated: Herod_Temple_D-ROOF-01_Beam_Module_Patrich_v0_1.svg/.dxf. Not authorization to tile whole roof yet.,"[""Notion"",""SVG"",""DXF"",""PDF"",""Blender Ref""]",Detail,Patrich 3×3c ceiling-beam module / lulin relationship
3c60b963-e600-819a-a46a-e3b46b7a8b85,https://app.notion.com/3c60b963e600819aa46ae3b46b7a8b85,2026-08-24 07:47:49Z,1:50,"Middot 4:5 route topology; Patrich/Ritmeyer 66c run, 45c rise, stair/landing reconstruction as explicitly non-primary layer",D-MES-01,raw route topology separated from reconstructed stair count/run; all landings/stairs tagged reconstruction,Patrich/Ritmeyer exact published dimension plate/page citation must be pinned before lock,Researching,NE→NW→S→E access route to upper chamber / cell roofs,B,Generated asset: Herod_Temple_D-MES-01_Mesibbah_Profile_Patrich_v0_1.svg/dxf/png. Raw Middot confirms route but not this exact stair arithmetic.,"[""Notion"",""SVG"",""DXF"",""PDF"",""Blender Ref""]",Section,Mesibbah reconstruction longitudinal profile
3c60b963-e600-8144-983a-cc2e3fc43c79,https://app.notion.com/3c60b963e6008144983acc2e3fc43c79,2026-08-24 07:47:49Z,1:20,kiyyur 1c; bet dilfa 2c; ceiling 1c; plaster/build-up 1c; upper chamber 40c; upper roof repeat; parapet/spikes variants,D-ROOF-01,Middot 4:6 vertical sum closes 100c; Bartenura commentary kept distinct from raw Mishnah,structural beam cross-section/material dimensions beyond enumerated vertical thicknesses,Researching,Hekhal/upper-chamber roof build-up and 100c vertical chain,A,"Generated asset: Herod_Temple_D-ROOF-01_Beam_Module_Patrich_v0_1.svg/dxf/png. Title retains prior filename, but raw vertical module is Middot-based.","[""Notion"",""SVG"",""DXF"",""PDF"",""Blender Ref""]",Detail,Upper roof beam / ceiling build-up module
3c60b963-e600-81b4-9703-f6868e338f2b,https://app.notion.com/3c60b963e60081b49703f6868e338f2b,2026-08-24 07:47:49Z,1:50,Middot 4:5 upper chamber south door; cedar ascent; stone divider; lulin over Holy of Holies; Patrich-derived grid only as reconstruction layer,D-UP-01,lulin existence locked; count/spacing not declared raw text unless separately sourced,exact lulin number/spacing and upper-chamber plan partition,Researching,Upper chamber above Hekhal/Debir; trapdoors/lulin and maintenance access,B,Generated asset: Herod_Temple_D-UP-01_Lulin_Grid_Patrich_Derived_v0_1.svg/dxf/png.,"[""Notion"",""SVG"",""DXF"",""PDF"",""Blender Ref""]",Plan,Upper chamber lulin / maintenance grid
3c60b963-e600-8102-88b2-d7d70bc932bb,https://app.notion.com/3c60b963e600810288b2d7d70bc932bb,2026-08-24 07:50:35Z,1:50,10×20c central opening; lintel; bronze/copper door material note; two wicket positions as unresolved side zones,E-NIC-01,central opening class exact; wicket sizes not invented; Josephus Corinthian gate excluded from this master sheet,wicket dimensions/offsets; outer gatehouse width/height; jamb/wall profile,Draft,Nicanor central opening + two side wickets,A,v0.1 generated: Herod_Temple_E-NIC-01_Nicanor_Elevation_v0_1.svg/.dxf. Working identity NICANOR-RABBINIC-WEST.,"[""Notion"",""SVG"",""DXF"",""PDF"",""Blender Ref""]",Elevation,Rabbinic Nicanor Gate evidence-bounded elevation
3c60b963-e600-811f-97c7-c096787d32ae,https://app.notion.com/3c60b963e600811f97c7c096787d32ae,2026-08-24 08:09:30Z,1:100 / 1:200,H0 axes; X=-38…+149c; selected Y=-58.5…+76.5c; altar centered Y=0; 30c ramp ground run +2c altar overlap; rings/service bands; Priests/Israel 11c zones; Nicanor unresolved envelope,P-05,E-W closure exactly 187c; selected Rambam-Y closure exactly 135c; Yoma altar alignment kept distinct from Rambam allocation; no unresolved E-W service footprint rendered as fixed object geometry,rings/tables/pillars exact E-W fixture placement inside locked 76c envelope; ramp exact E-W offset; Nicanor gatehouse/15-step radius; Women Court west-interface thickness,Draft,"Full 187×135c Azarah coordination linking Sanctuary, Ulam, Altar, Ramp, slaughter service bands, Priests Court, Israel Court, Nicanor control line",B,v0.2 generated: Herod_Temple_P05_Full_Azarah_Coordination_RambamY_v0_2.svg/.dxf/.png + Manifest JSON. New hard envelope: northern service/slaughter rectangle = 76c E-W × 60.5c N-S. Rambam N-S bands now 8 + 24 + 8 tables + 12.5 pillars/service + 8 = 60.5c. Exact E-W fixture footprints remain unresolved.,"[""Notion"",""SVG"",""DXF"",""PNG"",""PDF"",""Blender Ref""]",Plan,Full Azarah coordination plan · H0 + Rambam-Y variant
3c60b963-e600-81b6-bffb-ed0e7a768a9d,https://app.notion.com/3c60b963e60081b6bffbed0e7a768a9d,2026-08-24 08:13:15Z,1:50 / parametric,15 concentric semicircular steps; H0 Y=0 centerline; Middot 10c opening control; RAMBAM_15STEP tread variant; symbolic inner radius R0; gatehouse-depth unresolved envelope,P-04B,step count exactly 15; semicircular form preserved; R0 never exported as fixed number; Rambam and Josephus/Ritmeyer variants separate,inner radius R0; gatehouse depth; exact step center/landing geometry; Josephus/Ritmeyer alternate exact production rise,Draft,Nicanor gate centerline and 15 semicircular-step plan topology,B,Generated: Herod_Temple_P04B_Nicanor_15Step_Parametric_Plan_v0_1.svg/.dxf/.png + Parametric Contract JSON. Display R0=5c is visualization-only and explicitly non-production.,"[""Notion"",""SVG"",""DXF"",""PNG"",""PDF"",""Blender Ref""]",Plan,Nicanor Gate + 15 semicircular steps · parametric plan
3c60b963-e600-81f2-911a-d7f950f13d9f,https://app.notion.com/3c60b963e60081f2911ad7f950f13d9f,2026-08-24 08:13:15Z,1:50 / level diagram,H0/Ulam FFL=0; Women→Israel 15-step Rambam rise; Israel→Priests R. Eliezer ben Jacob 2.5c; Priests→Ulam 12-step 6c rise; alternate Josephus/Ritmeyer shallow-step branch,S-NIC-02,variant stack explicitly named; total selected Women→Ulam rise =16c; no horizontal tread/landing geometry falsely locked where variants remain,Nicanor shallow-step variant final level reconciliation; exact horizontal landings/treads for Israel→Priests and Ulam approach,Draft,Vertical datum chain from Court of Women to Sanctuary FFL,C,"Generated: Herod_Temple_SNIC02_Eastern_Level_Chain_Rambam_v0_1.svg/.dxf/.png + Manifest JSON. Selected composite variant levels: Women -16c, Israel -8.5c, Priests -6c, Ulam 0c.","[""Notion"",""SVG"",""DXF"",""PNG"",""PDF"",""Blender Ref""]",Section,Eastern sacred level chain · Women→Israel→Priests→Ulam
3c70b963-e600-811f-a5d4-e85ceec0234f,https://app.notion.com/3c70b963e600811fa5d4e85ceec0234f,2026-08-25 11:40:32Z,AUTHORITY_ENVELOPE / NOT TO SCALE,"double-cloister topology, open-court edge, known envelope, explicit blocked perimeter endpoints/row offsets/bay spacing",DG03-PLAN-01,"No perimeter endpoint, row offset, intercolumniation or bay rhythm invented; OUTER_PORTICO_PRODUCTION_ARRAY remains BLOCKED","exact perimeter endpoints, internal row positions, bay spacing",Locked,Western / northern / eastern outer double porticoes,C,STEP07B-4 drawing-authority closure. GUIDE only; not geometry release.,"[""SVG"",""PNG"",""Blender Ref""]",Plan,DG-03 · Outer Portico bay/topology authority envelope
3c70b963-e600-81b7-9946-e2b107550f6d,https://app.notion.com/3c70b963e60081b79946e2b107550f6d,2026-08-25 11:40:32Z,SEMANTIC GUIDE / NOT TO SCALE,"Josephus cedar-roof semantics; explicit refusal to infer roof pitch, truss, edge, parapet or drainage",DG03-ROOF-01,Cedar material statement does not become roof geometry; no final roof mesh authorized,"roof pitch, truss system, slab/edge profile, parapet, drainage",Locked,Outer cloister roof semantics,C,DG-03 drawing closure only; roof geometry remains BLOCKED.,"[""Notion"",""SVG"",""PNG""]",Detail,DG-03 · Outer Portico roof authority / refusal sheet
3c70b963-e600-810a-b8fd-cbeb61cbe028,https://app.notion.com/3c70b963e600810ab8fdcbeb61cbe028,2026-08-25 11:40:32Z,MORPHOLOGY ONLY,Doric family attribution; exact base/capital/fluting/entablature profile explicitly blocked,DG03-ORDER-01,No generic Doric asset treated as evidence; no Royal Stoa Corinthian transfer; no invented order dimensions,"diameter, base/capital proportions, flute count, entablature dimensions/carving",Locked,W/N/E outer portico architectural-order morphology,B,Evidence E-PELEG2014-TM-OUTER-PORTICO-DORIC. B/T2 guide morphology only.,"[""Notion"",""SVG"",""PNG""]",Detail,DG-03 · Outer Portico Doric order authority sheet
3c70b963-e600-81bd-b61e-e698027aca8a,https://app.notion.com/3c70b963e60081bdb61ee698027aca8a,2026-08-25 11:40:32Z,SCHEMATIC / SOURCE-DIMENSIONED ENVELOPE,Josephus 30c breadth and 25c column-height textual candidate controls; monolithic white-marble pillar semantics; blocked diameter/row offsets/profile,DG03-SECTION-01,"30c/25c remain Candidate GUIDE values; no solid section, diameter or row placement inferred","column diameter, internal row offsets, exact wall/column interfaces",Locked,Outer double cloister generic transverse section,C,Measurement IDs M-JOS-CLOISTER-W / M-JOS-COL-Z.,"[""SVG"",""PNG"",""Blender Ref""]",Section,DG-03 · Outer Portico cross-section authority envelope
