id,url,createdTime,Confidence,Variant,Source Value,Converted m,Source Unit,Measurement ID,Structure ID,Notes,Interpretation,Status,Evidence,Axis,Cubit Preset,Measurement
3c60b963-e600-8100-bb49-db117755aa80,https://app.notion.com/3c60b963e6008100bb49db117755aa80,2026-08-24 07:24:56Z,A,MID_ULAM_STEPS,0.5,0.2625,cubit,M-ULAM-STEP-RISE0_5C,ULAM-APPROACH,,Rise per step.,Locked,"[""https://app.notion.com/3c60b963e6008182abd1d79866c98995""]",Z/Height,0.525m,Altar→Ulam step rise · 0.5 cubit
3c60b963-e600-8101-9b48-f52100fd440a,https://app.notion.com/3c60b963e60081019b48f52100fd440a,2026-08-24 07:38:36Z,B,CELL-PATRICH-RITMEYER,61,32.025,cubit,M-CELL-PATRICH-NS-RUN61C,SANCT-CELLS-NS,5×9c cells + 4×4c divider walls =61c.,Scholarly reconstruction total run alongside Hekhal + separation + Debir.,Candidate,"[""https://app.notion.com/3c60b963e60081e2a794ed96e48b097a""]",X/E-W,0.525m,Patrich N/S cell longitudinal run · 61 cubits
3c60b963-e600-8103-8361-f1796017dd1f,https://app.notion.com/3c60b963e60081038361f1796017dd1f,2026-08-24 05:26:23Z,B,JOS_WAR5,1,0.525,cubit,M-PRIEST-PART-Z,PRIEST_PARTITION,Distinguish from Soreg.,Partition around holy house and altar in Josephus.,Candidate,"[""https://app.notion.com/3c60b963e600814c87e6c984c92f69e8""]",Z/Height,0.525m,Priest partition wall · 1 cubit
3c60b963-e600-8103-9cd1-fe6a1650eb1c,https://app.notion.com/3c60b963e60081039cd1fe6a1650eb1c,2026-08-24 06:16:04Z,B,HEIGHT_STD,3,1.575,cubit,M-SANCT-PARAPET-Z,SANCT_HEIGHT,Maintain HEIGHT_RJUDAH = 4c parapet as separate variant.,Standard reading; R. Judah gives 4c parapet with spikes excluded.,Conflict,"[""https://app.notion.com/3c60b963e60081a38da7c81ef15d9c63""]",Z/Height,0.525m,Parapet · 3 cubits
3c60b963-e600-8104-868d-f7505a3b8abc,https://app.notion.com/3c60b963e6008104868df7505a3b8abc,2026-08-24 06:16:04Z,B,MID70,70,36.75,cubit,M-SANCT-BODY-Y70,SANCTUARY,Josephus gives 60c rear/body width; preserve separately.,Middot body width behind 100c Ulam façade.,Conflict,"[""https://app.notion.com/3c60b963e60081d8adc4ff0eb75baa65""]",Y/N-S,0.525m,Sanctuary body width · 70 cubits
3c60b963-e600-8108-b18a-c11912dfb5fe,https://app.notion.com/3c60b963e6008108b18ac11912dfb5fe,2026-08-24 06:43:04Z,B,HISTORICAL_SURVEY_PEF1880,42,12.8016,foot,M-PEF1880-DOUBLE-TOTAL-W42FT,SUB-040,This 42ft total conflicts slightly with later 41ft tunnel-width wording; both retained.,PEF 1880: total width of Double Gate c.42 ft.,Candidate,"[""https://app.notion.com/3c60b963e600814b9fffeaa860b069cb""]",Width,N/A,Double Gate total portal width · 42ft
3c60b963-e600-810a-9cea-e96cef7fbf58,https://app.notion.com/3c60b963e600810a9ceae96cef7fbf58,2026-08-24 05:26:23Z,B,MID,16,8.4,cubit,M-ALT-RAMP-W,ALTAR_RAMP,,Ramp width.,Candidate,"[""https://app.notion.com/3c60b963e600814dbe16d661ef20f129""]",Width,0.525m,Altar ramp width · 16 cubits
3c60b963-e600-810b-9a47-c439c6f1d88d,https://app.notion.com/3c60b963e600810b9a47c439c6f1d88d,2026-08-24 06:32:55Z,A,PHYSICAL_A9477,2.5,2.5,meter,M-SOUTH-CELL-W,SUB-011/SUB-020,Average only; individual cells should follow Fig. 8/field plan when extracted.,IAA 2026 Area B average rectangular cell width.,Candidate,"[""https://app.notion.com/3c60b963e60081b18759cc5641abd6c6""]",Width,N/A,Southern foundation support cell · average width
3c60b963-e600-810e-8ba9-f688bca2dcf8,https://app.notion.com/3c60b963e600810e8ba9f688bca2dcf8,2026-08-24 06:16:04Z,B,HEIGHT_STD,40,21,cubit,M-SANCT-MAIN-INT-Z,SANCT_HEIGHT,,Main interior clear height.,Locked,"[""https://app.notion.com/3c60b963e60081a38da7c81ef15d9c63""]",Z/Height,0.525m,Main Hekhal interior height · 40 cubits
3c60b963-e600-8110-898f-c9d9effe97d3,https://app.notion.com/3c60b963e6008110898fc9d9effe97d3,2026-08-24 07:46:27Z,A,MID_DERIVED_STANDARD_STEP,7.5,3.9375,cubit,M-WOMEN-ISRAEL-TOTAL-RUN7_5C,WOMEN-NICANOR-STEPS,"This is stair tread run, not Nicanor gatehouse thickness.",Derived radial stair run if Middot 2:3 0.5c tread rule is applied to all 15 semicircular steps. Gatehouse depth remains separate/unresolved.,Candidate,"[""https://app.notion.com/3c60b963e60081e186bded86e836a012""]",X/E-W,0.525m,Women→Israel 15-step radial tread run · 7.5 cubits
3c60b963-e600-8110-918a-daa21f22c201,https://app.notion.com/3c60b963e6008110918adaa21f22c201,2026-08-24 07:13:33Z,A,JOSEPHUS_MENORAH,7,,count,M-MENORAH-LAMPS7,MENORAH,Overall dimensions remain unresolved.,Josephus describes seven lamps springing from the candlestick.,Locked,"[""https://app.notion.com/3c60b963e60081ba833aecfae61af7d0""]",Radius/Other,N/A,Menorah lamps · count 7
3c60b963-e600-8112-8737-c2519cd8c30f,https://app.notion.com/3c60b963e60081128737c2519cd8c30f,2026-08-24 06:43:04Z,B,HISTORICAL_SURVEY_WARREN,12,,ratio,M-WARREN-SOUTH-RAMP-SLOPE-1_12,SUB-040/SUB-041,Derived angle stored separately.,Rise 1 for horizontal run 12; Warren says Triple and Double original ramp rise was about 1 in 12.,Candidate,"[""https://app.notion.com/3c60b963e60081028707c20f3c2e9004""]",Radius/Other,N/A,South gate original ramp slope ratio
3c60b963-e600-8114-a8c3-db9a10060bb3,https://app.notion.com/3c60b963e6008114a8c3db9a10060bb3,2026-08-24 07:24:56Z,A,MID_CELLS,38,,count,M-CELLS-TOTAL38,SANCT-CELLS,,Total surrounding cells/chambers.,Locked,"[""https://app.notion.com/3c60b963e600813c885bcb46530d9be0""]",Radius/Other,N/A,Sanctuary side cells · total count 38
3c60b963-e600-8114-aa73-ea98c2d76cfa,https://app.notion.com/3c60b963e6008114aa73ea98c2d76cfa,2026-08-24 05:26:23Z,B,ALTAR_JOS,15,7.875,cubit,M-ALT-JOS-Z,ALTAR_MAIN,Middot altar vertical profile should remain separate.,Josephus altar height.,Conflict,"[""https://app.notion.com/3c60b963e600814c87e6c984c92f69e8""]",Z/Height,0.525m,Josephus altar height · 15 cubits
3c60b963-e600-8116-a4ba-e5d8d5f0e712,https://app.notion.com/3c60b963e6008116a4bae5d8d5f0e712,2026-08-24 07:38:36Z,B,CELL-PATRICH-RITMEYER,5,2.625,cubit,M-SAN-WALL-PATRICH-L3-5C,SANCT-WALLS,Supports 7c cell depth.,Stepped exterior wall thickness at upper cell story.,Candidate,"[""https://app.notion.com/3c60b963e60081e2a794ed96e48b097a""]",Width,0.525m,Patrich sanctuary wall thickness · cell story 3 · 5 cubits
3c60b963-e600-8117-9904-c7e7838f2c13,https://app.notion.com/3c60b963e60081179904c7e7838f2c13,2026-08-24 05:26:23Z,B,MID,15,7.875,cubit,M-ULAM-EXT-N,ULAM,Paired with south extension gives 100-cubit façade width.,Porch projects beyond 70-cubit body by 15 cubits north.,Candidate,"[""https://app.notion.com/3c60b963e60081d8adc4ff0eb75baa65""]",Y/N-S,0.525m,Porch lateral extension north · 15 cubits
3c60b963-e600-8117-a450-cb2f95059a96,https://app.notion.com/3c60b963e6008117a450cb2f95059a96,2026-08-24 05:26:23Z,B,MID,0.5,0.2625,cubit,M-STEP-STD-D,COURT_STEPS,,Standard step tread except Porch sequence.,Candidate,"[""https://app.notion.com/3c60b963e6008117a894d256d899f98f""]",Depth,0.525m,Standard court step tread · 0.5 cubit
3c60b963-e600-8117-ae19-e6fcde0e6fe2,https://app.notion.com/3c60b963e6008117ae19e6fcde0e6fe2,2026-08-24 07:13:33Z,A,YOMA_TWO_CURTAINS,1,0.525,cubit,M-PAROKHET-GAP1C,PAROKHET_DOUBLE_YOMA,Blender walkable inter-curtain volume.,Clear zone between two curtains in Yoma main account.,Candidate,"[""https://app.notion.com/3c60b963e600819d80d9c7d36498ca98""]",Depth,0.525m,Double-parokhet interspace · 1 cubit
3c60b963-e600-811a-83ab-efbfa52e1903,https://app.notion.com/3c60b963e600811a83abefbfa52e1903,2026-08-24 06:16:04Z,B,HEIGHT_STD,1,0.525,cubit,M-SANCT-ORN1-Z,SANCT_HEIGHT,,Kiyyur/ornamentation band above main interior.,Locked,"[""https://app.notion.com/3c60b963e60081a38da7c81ef15d9c63""]",Z/Height,0.525m,Main ornament band · 1 cubit
3c60b963-e600-811a-8712-e1512061216c,https://app.notion.com/3c60b963e600811a8712e1512061216c,2026-08-24 07:38:36Z,B,CELL-PATRICH-RITMEYER,7,3.675,cubit,M-SAN-WALL-PATRICH-L1-7C,SANCT-WALLS,Supports 5c cell depth.,Stepped exterior wall thickness at lowest cell story.,Candidate,"[""https://app.notion.com/3c60b963e60081e2a794ed96e48b097a""]",Width,0.525m,Patrich sanctuary wall thickness · cell story 1 · 7 cubits
3c60b963-e600-811a-980e-f325affd34f4,https://app.notion.com/3c60b963e600811a980ef325affd34f4,2026-08-24 06:16:04Z,B,HEIGHT_STD,100,52.5,cubit,M-SANCT-Z100,SANCT_HEIGHT,"Rabbi Judah variant affects parapet/spikes allocation, not the standard total.",Total Hekhal complex height in Middot 4:6.,Locked,"[""https://app.notion.com/3c60b963e60081a38da7c81ef15d9c63""]",Z/Height,0.525m,Sanctuary total height · 100 cubits
3c60b963-e600-811a-abab-e9f19e50258b,https://app.notion.com/3c60b963e600811aababe9f19e50258b,2026-08-24 05:26:23Z,B,ALTAR_JOS,50,26.25,cubit,M-ALT-JOS-Y,ALTAR_MAIN,Do not merge with Middot 32×32.,Josephus square altar dimension.,Conflict,"[""https://app.notion.com/3c60b963e600814c87e6c984c92f69e8""]",Y/N-S,0.525m,Josephus altar N-S · 50 cubits
3c60b963-e600-811d-8a6f-c588c2c79cb9,https://app.notion.com/3c60b963e600811d8a6fc588c2c79cb9,2026-08-24 07:13:33Z,A,YOMA_FOUNDATION_STONE,3,0.065625,fingerbreadth,M-HOH-STONE-PROJ3F,DEBIR_FOUNDATION_STONE,Only vertical projection; plan outline remains unresolved.,Working conversion assumes 24 fingerbreadths per 0.525m cubit.,Candidate,"[""https://app.notion.com/3c60b963e600819d80d9c7d36498ca98""]",Z/Height,0.525m,Foundation Stone projection · 3 fingerbreadths
3c60b963-e600-811d-a3f4-fb9f707695e8,https://app.notion.com/3c60b963e600811da3f4fb9f707695e8,2026-08-24 06:43:04Z,B,HISTORICAL_SURVEY_WARREN,4,1.2192,foot,M-WARREN-TRIPLE-TUNNEL-PIER-T4FT,SUB-041,Use only for observed historical-survey portion.,Warren/Conder: west wall formed by piers c.4 ft thick.,Candidate,"[""https://app.notion.com/3c60b963e60081028707c20f3c2e9004""]",Width,N/A,Triple tunnel west-wall pier thickness
3c60b963-e600-8120-916a-dd36e26338bd,https://app.notion.com/3c60b963e6008120916add36e26338bd,2026-08-24 05:26:23Z,B,MID,22,11.55,cubit,M-ALT-ULAM-D,ALTAR_TO_PORCH,,Clear axial zone containing Porch approach steps and laver offset.,Candidate,"[""https://app.notion.com/3c60b963e600812e85d7ef89bcd48bc4""]",X/E-W,0.525m,Altar-to-Porch distance · 22 cubits
3c60b963-e600-8120-9dc5-f3947eb8dceb,https://app.notion.com/3c60b963e60081209dc5f3947eb8dceb,2026-08-24 07:13:33Z,A,MISHNAH_PAROKHET,20,10.5,cubit,M-PAROKHET-W20C,TEXTILE_PAROKHET,Metric is working-cubit conversion.,Mishnah Shekalim parokhet second dimension.,Candidate,"[""https://app.notion.com/3c60b963e600818dbfc3ca7699507380""]",Width,0.525m,Parokhet width · Mishnah 20 cubits
3c60b963-e600-8121-8e50-cb1ccf432f0c,https://app.notion.com/3c60b963e60081218e50cb1ccf432f0c,2026-08-24 07:38:36Z,B,CELL-PATRICH-RITMEYER,12,6.3,cubit,M-CELL-PATRICH-W-CELL12C,SANCT-CELLS-W,Upper story has two cells; exact split unresolved.,Lower/middle west cell length assumption.,Candidate,"[""https://app.notion.com/3c60b963e60081e2a794ed96e48b097a""]",Y/N-S,0.525m,Patrich west individual cell length · 12 cubits
3c60b963-e600-8123-818f-d7c6d4530dee,https://app.notion.com/3c60b963e6008123818fd7c6d4530dee,2026-08-24 05:26:23Z,C,JOS_WAR5,45,23.625,cubit,M-JOS-STONE45-L,TEMPLE_FACADE_MASONRY,"Illustrative masonry scale, not default block module.",Some temple stones described at this length.,Candidate,"[""https://app.notion.com/3c60b963e600814c87e6c984c92f69e8""]",X/E-W,0.525m,Josephus façade stone length · 45 cubits
3c60b963-e600-8125-97dd-f03140381b58,https://app.notion.com/3c60b963e600812597ddf03140381b58,2026-08-24 07:24:56Z,A,MID_CELLS,15,,count,M-CELLS-SOUTH15,SANCT-CELLS-S,,Five per floor × three floors on south.,Locked,"[""https://app.notion.com/3c60b963e600813c885bcb46530d9be0""]",Radius/Other,N/A,Sanctuary side cells · south count 15
3c60b963-e600-8127-892a-ff1956d1fa67,https://app.notion.com/3c60b963e6008127892aff1956d1fa67,2026-08-24 05:26:23Z,B,JOS_GATE,15,7.875,cubit,M-GATE-JOS-W,GATE_REGULAR_JOS,Compare with Middot 10-cubit standard doorway.,Regular gate door breadth in Josephus.,Conflict,"[""https://app.notion.com/3c60b963e60081f8b566ebf7d334f9d3""]",Width,0.525m,Josephus regular gate width · 15 cubits
3c60b963-e600-8128-985d-de642551fcdc,https://app.notion.com/3c60b963e6008128985dde642551fcdc,2026-08-24 06:43:04Z,B,HISTORICAL_SURVEY_WARREN,6,1.8288,foot,M-WARREN-TRIPLE-PIER-W6FT,SUB-041,Later façade geometry may not equal Herodian gate pier module.,Warren/Conder: piers between current Triple Gateway arches c.6 ft.,Candidate,"[""https://app.notion.com/3c60b963e60081028707c20f3c2e9004""]",Width,N/A,Triple Gate façade pier width
3c60b963-e600-812b-807b-fe3f42d6c3f1,https://app.notion.com/3c60b963e600812b807bfe3f42d6c3f1,2026-08-24 06:16:04Z,B,HEIGHT_STD,2,1.05,cubit,M-SANCT-GUTTER2-Z,SANCT_HEIGHT,,Upper beit dilfa.,Locked,"[""https://app.notion.com/3c60b963e60081a38da7c81ef15d9c63""]",Z/Height,0.525m,Upper gutter/drain zone · 2 cubits
3c60b963-e600-812b-9ac5-c6ac4eac27f7,https://app.notion.com/3c60b963e600812b9ac5c6ac4eac27f7,2026-08-24 05:48:32Z,B,MID-4.7,11,5.775,cubit,M-SAN-EW-02,ULAM_INTERIOR,,East-to-west sanctuary chain segment 2/9.,Candidate,"[""https://app.notion.com/3c60b963e60081d8adc4ff0eb75baa65""]",X/E-W,0.525m,Sanctuary EW · Ulam interior 11c
3c60b963-e600-812c-a235-f072a2a0db05,https://app.notion.com/3c60b963e600812ca235f072a2a0db05,2026-08-24 06:16:04Z,B,MID,62,32.55,cubit,M-ALT-RAMP-SPAN62,ALTAR_RAMP,Use as plan checksum; exact overlap geometry must be shown explicitly.,Middot/Talmudic dimensional checksum: 32c ramp + 32c altar with 2c overlap.,Candidate,"[""https://app.notion.com/3c60b963e60081fa8673d8dc0989db80""]",Y/N-S,0.525m,Altar + ramp N-S occupied span · 62 cubits
3c60b963-e600-812d-991c-cd16e8db88aa,https://app.notion.com/3c60b963e600812d991ccd16e8db88aa,2026-08-24 05:26:23Z,B,JOS_CORINTHIAN,50,26.25,cubit,M-GATE-COR-Z,CORINTHIAN_GATE,Identify relation to Nicanor/Corinthian gate hypothesis before naming geometry.,Greater eastern gate total height.,Candidate,"[""https://app.notion.com/3c60b963e60081f8b566ebf7d334f9d3""]",Z/Height,0.525m,Josephus east Corinthian gate height · 50 cubits
3c60b963-e600-812f-9a42-e38a71576bf6,https://app.notion.com/3c60b963e600812f9a42e38a71576bf6,2026-08-24 08:12:44Z,B,RAMBAM_15STEP,0.5,0.2625,cubit,M-NIC-RAMBAM-RISE0_5C,NICANOR-STEPS,Middot raw text gives 15 semicircular steps but not this rise.,Rambam 6:2 individual step rise.,Candidate,"[""https://app.notion.com/3c60b963e60081478b13eb65c1f86716""]",Z/Height,0.525m,Nicanor 15-step rise per step · Rambam
3c60b963-e600-8131-9f17-c626bdd301cf,https://app.notion.com/3c60b963e60081319f17c626bdd301cf,2026-08-24 07:49:13Z,A,NICANOR-RABBINIC-WEST,20,10.5,cubit,M-NICANOR-H20C,NICANOR-RABBINIC-WEST,Threshold datum tied to Israel Court top level in circulation variant.,Applies Middot general non-Ulam gate class to Nicanor.,Candidate,"[""https://app.notion.com/3c60b963e60081a18482fb314ae58d10""]",Z/Height,0.525m,Rabbinic Nicanor central opening height · 20 cubits
3c60b963-e600-8131-a34e-f1c0bb363290,https://app.notion.com/3c60b963e6008131a34ef1c0bb363290,2026-08-24 06:16:04Z,B,HEIGHT_STD,1,0.525,cubit,M-SANCT-SPIKES-Z,SANCT_HEIGHT,Separate geometry switch required.,Included in standard 100c total; excluded from R. Judah count.,Conflict,"[""https://app.notion.com/3c60b963e60081a38da7c81ef15d9c63""]",Z/Height,0.525m,Bird spikes / Kaleh Orev · 1 cubit
3c60b963-e600-8136-9b94-eb3210fb92ed,https://app.notion.com/3c60b963e60081369b94eb3210fb92ed,2026-08-24 07:24:56Z,A,MID_WOMEN_STEPS,15,,count,M-WOMEN-ISRAEL-STEPS15,WOMEN-NICANOR-STEPS,Radius/tread sequence unresolved.,Explicit step count; plan shape semicircular.,Locked,"[""https://app.notion.com/3c60b963e60081e186bded86e836a012""]",Radius/Other,N/A,Women→Israel semicircular steps · count 15
3c60b963-e600-8137-be8c-c0d4b3bd5314,https://app.notion.com/3c60b963e6008137be8cc0d4b3bd5314,2026-08-24 05:26:23Z,B,MID,40,21,cubit,M-WOMEN-CHAMBER,WOMEN_COURT_CHAMBERS,Square/extent treatment to be confirmed in plan drafting.,Each of four corner chambers described as 40 cubits.,Candidate,"[""https://app.notion.com/3c60b963e6008178b3e4c4528e9f7a41""]",Width,0.525m,Women Court corner chamber · 40 cubits
3c60b963-e600-8138-93c9-e830f3014beb,https://app.notion.com/3c60b963e600813893c9e830f3014beb,2026-08-24 07:13:33Z,A,R_JUDAH_TABLE,5,0.4375,handbreadth,M-SHB-JUDAH-W5HB,SHOWBREAD_TABLE,,R. Judah table variant.,Conflict,"[""https://app.notion.com/3c60b963e600814a9432e5f9561ab5e6""]",Width,0.525m,Showbread Table · R Judah width 5 handbreadths
3c60b963-e600-8138-b00d-df7fd4687198,https://app.notion.com/3c60b963e6008138b00ddf7fd4687198,2026-08-24 07:38:36Z,B,CELL-PATRICH-RITMEYER,12,6.3,cubit,M-CELL-PATRICH-CLEAR-H12C,SANCT-CELLS,Applied to all three stories.,Clear height per cell story adopted in Patrich reconstruction.,Candidate,"[""https://app.notion.com/3c60b963e60081e2a794ed96e48b097a""]",Z/Height,0.525m,Patrich side-cell clear height · 12 cubits
3c60b963-e600-8139-9cf3-e70c7c536b0e,https://app.notion.com/3c60b963e60081399cf3e70c7c536b0e,2026-08-24 07:38:36Z,B,MESIBBAH-PATRICH,45,23.625,cubit,M-MESIBBAH-PATRICH-RISE45C,MESIBBAH,Couples to architectural FFL Z=0.,Rise from sanctuary floor level to cell roof / Upper Chamber floor.,Candidate,"[""https://app.notion.com/3c60b963e60081e2a794ed96e48b097a""]",Z/Height,0.525m,Patrich mesibbah rise · 45 cubits
3c60b963-e600-813b-9eab-fc1875471b5c,https://app.notion.com/3c60b963e600813b9eabfc1875471b5c,2026-08-24 05:26:23Z,B,MID,100,52.5,cubit,M-HEKHAL-Z,HEKHAL_COMPLEX,Vertical decomposition should be modeled parametrically.,Middot total height including roof/parapet system.,Candidate,"[""https://app.notion.com/3c60b963e60081a38da7c81ef15d9c63""]",Z/Height,0.525m,Hekhal total height · 100 cubits
3c60b963-e600-813c-8e06-e3f77cdd1caa,https://app.notion.com/3c60b963e600813c8e06e3f77cdd1caa,2026-08-24 06:16:04Z,B,HEIGHT_STD,1,0.525,cubit,M-SANCT-PLASTER1-Z,SANCT_HEIGHT,,Maazivah/plastering component.,Locked,"[""https://app.notion.com/3c60b963e60081a38da7c81ef15d9c63""]",Z/Height,0.525m,Main plaster/roof build-up · 1 cubit
3c60b963-e600-813d-8875-f77fe2c65410,https://app.notion.com/3c60b963e600813d8875f77fe2c65410,2026-08-24 06:32:55Z,A,PHYSICAL_A9477,2.75,2.75,meter,M-SOUTH-SLAB1075-W,SUB-050,Exceptional slab.,IAA 2026 paving slab L1075.,Candidate,"[""https://app.notion.com/3c60b963e60081b18759cc5641abd6c6""]",Width,N/A,Exceptional south street slab · width
3c60b963-e600-813e-925b-f7bda7f906cd,https://app.notion.com/3c60b963e600813e925bf7bda7f906cd,2026-08-24 06:32:55Z,A,PHYSICAL_A9477,1,1,meter,M-SOUTH-FOUND-STONE-L-MIN,SUB-011,"Use as observed range, not standard block module.",Reported observed range of foundation building-stone lengths in Area B.,Candidate,"[""https://app.notion.com/3c60b963e60081b18759cc5641abd6c6""]",X/E-W,N/A,South wall foundation stone · minimum observed length
3c60b963-e600-813f-9391-df6ff9000d0d,https://app.notion.com/3c60b963e600813f9391df6ff9000d0d,2026-08-24 05:48:32Z,B,MID-4.7,6,3.15,cubit,M-SAN-NS-07,HEKHAL_WALL_S,,South Hekhal wall thickness zone.,Candidate,"[""https://app.notion.com/3c60b963e60081d8adc4ff0eb75baa65""]",Y/N-S,0.525m,Sanctuary NS · south Hekhal wall 6c
3c60b963-e600-8140-9746-fefd83e61320,https://app.notion.com/3c60b963e60081409746fefd83e61320,2026-08-24 07:24:56Z,A,MID_ULAM_STEPS,3,1.575,cubit,M-ULAM-LANDING-A3C,ULAM-APPROACH,,First 3c level-space sequence.,Candidate,"[""https://app.notion.com/3c60b963e6008182abd1d79866c98995""]",X/E-W,0.525m,Altar→Ulam landing A · 3 cubits
3c60b963-e600-8143-85e6-dfd0cfcc9144,https://app.notion.com/3c60b963e600814385e6dfd0cfcc9144,2026-08-24 07:13:33Z,A,R_MEIR_TABLE,12,1.05,handbreadth,M-SHB-MEIR-L12HB,SHOWBREAD_TABLE,Pairs with width 6 handbreadths.,R. Meir vessel-cubit/table variant.,Conflict,"[""https://app.notion.com/3c60b963e600814a9432e5f9561ab5e6""]",X/E-W,0.525m,Showbread Table · R Meir length 12 handbreadths
3c60b963-e600-8144-9931-f4cb746412fb,https://app.notion.com/3c60b963e60081449931f4cb746412fb,2026-08-24 06:32:55Z,A,PHYSICAL_A9477,0.4,0.4,meter,M-SOUTH-SLAB1075-T,SUB-050,"Exceptional slab, estimated 5.5 tons.",IAA 2026 paving slab L1075.,Candidate,"[""https://app.notion.com/3c60b963e60081b18759cc5641abd6c6""]",Z/Height,N/A,Exceptional south street slab · thickness
3c60b963-e600-8145-863a-c8a02f480673,https://app.notion.com/3c60b963e6008145863ac8a02f480673,2026-08-24 06:43:04Z,B,DERIVED_FROM_WARREN_1_12,4.7636416907,,degree,M-WARREN-SOUTH-RAMP-ANGLE,SUB-040/SUB-041,Use for Blender ramp blockout only while 1:12 survey interpretation remains active.,"Derived from arctan(1/12), not a directly quoted historical angle.",Candidate,"[""https://app.notion.com/3c60b963e60081028707c20f3c2e9004""]",Radius/Other,N/A,South gate original ramp angle · derived
3c60b963-e600-8145-ad4b-c7bac9642b14,https://app.notion.com/3c60b963e6008145ad4bc7bac9642b14,2026-08-24 08:08:43Z,B,RAMBAM_RAMP_GEOMETRY,-46,-24.15,cubit,M-AZ-RAMP-GROUND-S-Y,ALTAR-RAMP,Source 32c ramp extends 2c northward over altar foundation/sovev.,30c ground run south of altar south face Y=-16c.,Candidate,"[""https://app.notion.com/3c60b963e60081f18fd2d10ba1662852""]",Y/N-S,0.525m,Ramp ground-run south start Y · Rambam
3c60b963-e600-8146-9bb6-ffcdd80f0598,https://app.notion.com/3c60b963e60081469bb6ffcdd80f0598,2026-08-24 07:13:33Z,A,MISHNAH_PAROKHET,1,0.0875,handbreadth,M-PAROKHET-T1HB,TEXTILE_PAROKHET,Source unit strong; metric depends on cubit/handbreadth relation.,Working conversion assumes 6 handbreadths per 0.525m cubit.,Candidate,"[""https://app.notion.com/3c60b963e600818dbfc3ca7699507380""]",Depth,0.525m,Parokhet thickness · 1 handbreadth
3c60b963-e600-8147-aa40-e8ab47bb44ab,https://app.notion.com/3c60b963e6008147aa40e8ab47bb44ab,2026-08-24 07:14:17Z,A,DAILY_SERVICE,4,2.1,cubit,M-ALTAR-INCENSEPILE-OFFSET4C,ALTAR_FIRE_INCENSE,Anchor position; pile footprint still unresolved.,Tamid locates second pile used for incense coals four cubits northward from southwestern corner.,Candidate,"[""https://app.notion.com/3c60b963e60081339770c3483e0d57ef""]",Y/N-S,0.525m,Second altar wood pile · north offset from SW corner 4 cubits
3c60b963-e600-8149-b0e0-f495d8d205dc,https://app.notion.com/3c60b963e6008149b0e0f495d8d205dc,2026-08-24 06:32:55Z,A,PHYSICAL_A9477,0.3,0.3,meter,M-SOUTH-PAVER-T,SUB-050,Pavement build-up also includes solid bedding of stones and grayish mortar.,Average thickness of large limestone street slabs in IAA 2026 Area A Stratum 4.,Candidate,"[""https://app.notion.com/3c60b963e60081b18759cc5641abd6c6""]",Z/Height,N/A,First-century street paving slab · average thickness
3c60b963-e600-814a-95bc-dd3f58c75e28,https://app.notion.com/3c60b963e600814a95bcdd3f58c75e28,2026-08-24 07:13:33Z,A,SHOWBREAD_SYSTEM,28,,count,M-SHB-RODS28,SHOWBREAD_TABLE,14 allocated per stack.,Total rods in system.,Locked,"[""https://app.notion.com/3c60b963e600814a9432e5f9561ab5e6""]",Radius/Other,N/A,Showbread half-hollow rods · count 28
3c60b963-e600-814d-b924-e1dfef520580,https://app.notion.com/3c60b963e600814db924e1dfef520580,2026-08-24 05:26:23Z,B,MID_500_CORE,500,262.5,cubit,M-TM-001-Y,MOUNT_CORE,Must be fitted against archaeological enclosure anchors.,Middot square core N-S dimension.,Candidate,"[""https://app.notion.com/3c60b963e6008176941affa53711f1a6""]",Y/N-S,0.525m,Temple Mount core N-S · 500 cubits
3c60b963-e600-814e-a378-dc123f3ef6e7,https://app.notion.com/3c60b963e600814ea378dc123f3ef6e7,2026-08-24 06:43:04Z,C,DERIVED_FROM_WARREN_1_12,4.8768,4.8768,meter,M-WARREN-SOUTH-RAMP-RISE192,SUB-040/SUB-041,Only a geometric checksum; actual historical ramp may include breaks/steps and later alterations.,Derived vertical gain over 58.5216m horizontal run at 1:12.,Candidate,"[""https://app.notion.com/3c60b963e60081028707c20f3c2e9004""]",Z/Height,N/A,Vertical rise over 192ft at 1:12 · derived
3c60b963-e600-814f-b5e3-e568b96f67c9,https://app.notion.com/3c60b963e600814fb5e3e568b96f67c9,2026-08-24 06:43:04Z,B,HISTORICAL_SURVEY_WARREN,13,3.9624,foot,M-WARREN-TRIPLE-BAY-W13FT,SUB-041,Current/later triple façade geometry; do not assume Herodian original was triple.,Warren/Conder: each visible Triple Gateway bay c.13 ft wide.,Candidate,"[""https://app.notion.com/3c60b963e60081028707c20f3c2e9004""]",Width,N/A,Triple Gate current gateway bay width
3c60b963-e600-8151-a395-ed179c007f55,https://app.notion.com/3c60b963e6008151a395ed179c007f55,2026-08-24 06:36:56Z,B,HISTORICAL_SURVEY_WARREN,18,5.4864,foot,M-WARREN-DOUBLE-PASSAGE-W18FT,SUB-040,Historical observation; not yet AD30 geometry lock.,Warren 1884 text: each Double Gate passage reported c.18 ft wide.,Candidate,"[""https://app.notion.com/3c60b963e60081028707c20f3c2e9004""]",Width,N/A,Double Gate historical passage width · each
3c60b963-e600-8153-a5da-dc18d9224f01,https://app.notion.com/3c60b963e6008153a5dadc18d9224f01,2026-08-24 07:24:56Z,A,MID_ULAM_STEPS,3,1.575,cubit,M-ULAM-LANDING-B3C,ULAM-APPROACH,,Second 3c level-space sequence.,Candidate,"[""https://app.notion.com/3c60b963e6008182abd1d79866c98995""]",X/E-W,0.525m,Altar→Ulam landing B · 3 cubits
3c60b963-e600-8153-bd24-e91a09c9064e,https://app.notion.com/3c60b963e6008153bd24e91a09c9064e,2026-08-24 06:36:56Z,B,HISTORICAL_SURVEY_WARREN,41,12.4968,foot,M-WARREN-DOUBLE-TUNNEL-W41FT,SUB-040,Does not exactly equal 18+6+18=42 ft; retain both historical observations.,Survey of Western Palestine reports Double Gate double tunnel total width c.41 ft.,Conflict,"[""https://app.notion.com/3c60b963e60081028707c20f3c2e9004""]",Width,N/A,Double Gate double-tunnel total width · Warren/Conder
3c60b963-e600-8158-856f-d249b9d1e7bd,https://app.notion.com/3c60b963e6008158856fd249b9d1e7bd,2026-08-24 07:24:56Z,A,R_ELIEZER_BEN_JACOB,0.5,0.2625,cubit,M-ISRAEL-PRIESTS-HALFSTEP,ISRAEL-PRIESTS-LEVEL,,Rise of each of the three additional steps.,Candidate,"[""https://app.notion.com/3c60b963e60081e186bded86e836a012""]",Z/Height,0.525m,Israel→Priests additional step rise · 0.5 cubit
3c60b963-e600-8159-8dc3-d7a8c7107956,https://app.notion.com/3c60b963e60081598dc3d7a8c7107956,2026-08-24 06:16:04Z,B,HEIGHT_STD,1,0.525,cubit,M-SANCT-PLASTER2-Z,SANCT_HEIGHT,,Upper maazivah.,Locked,"[""https://app.notion.com/3c60b963e60081a38da7c81ef15d9c63""]",Z/Height,0.525m,Upper plaster/roof build-up · 1 cubit
3c60b963-e600-8159-a1c3-d1d8960a2a0d,https://app.notion.com/3c60b963e6008159a1c3d1d8960a2a0d,2026-08-24 07:24:56Z,A,MID_CELLS,15,,count,M-CELLS-NORTH15,SANCT-CELLS-N,,Five per floor × three floors on north.,Locked,"[""https://app.notion.com/3c60b963e600813c885bcb46530d9be0""]",Radius/Other,N/A,Sanctuary side cells · north count 15
3c60b963-e600-815a-90b1-ccf8699db8a0,https://app.notion.com/3c60b963e600815a90b1ccf8699db8a0,2026-08-24 05:26:23Z,B,MID,11,5.775,cubit,M-ISRAEL-X,ISRAEL_COURT,,E-W strip width.,Candidate,"[""https://app.notion.com/3c60b963e600812b8988de502332ceac""]",X/E-W,0.525m,Court of Israel width · 11 cubits
3c60b963-e600-815b-9805-cf57dca63912,https://app.notion.com/3c60b963e600815b9805cf57dca63912,2026-08-24 05:48:32Z,B,MID-4.7,1,0.525,cubit,M-SAN-EW-05,TRAKSIN,,One-cubit separation zone between Hekhal and Holy of Holies.,Candidate,"[""https://app.notion.com/3c60b963e60081d8adc4ff0eb75baa65""]",X/E-W,0.525m,Sanctuary EW · Traksin 1c
3c60b963-e600-815b-a883-e05cdb2fbada,https://app.notion.com/3c60b963e600815ba883e05cdb2fbada,2026-08-24 05:48:32Z,B,MID-4.7,6,3.15,cubit,M-SAN-NS-04,CELL_N,,Middle-level north side cell width.,Candidate,"[""https://app.notion.com/3c60b963e60081d8adc4ff0eb75baa65""]",Y/N-S,0.525m,Sanctuary NS · north cell 6c
3c60b963-e600-815c-b4e5-f5d3e0fbe37a,https://app.notion.com/3c60b963e600815cb4e5f5d3e0fbe37a,2026-08-24 07:24:56Z,A,MID_CELLS,5,,count,M-CELL-NE-OPENINGS5,SANCT-CELL-NE,Exact opening sizes/offsets unresolved.,Right cell + above + mesibbah + wicket/door + Hekhal.,Locked,"[""https://app.notion.com/3c60b963e600813c885bcb46530d9be0""]",Radius/Other,N/A,NE corner cell openings · 5
3c60b963-e600-815d-a8c0-d7ec0b9e081e,https://app.notion.com/3c60b963e600815da8c0d7ec0b9e081e,2026-08-24 07:13:33Z,A,R_JUDAH_TABLE,10,0.875,handbreadth,M-SHB-JUDAH-L10HB,SHOWBREAD_TABLE,Pairs with width 5 handbreadths.,R. Judah vessel-cubit/table variant.,Conflict,"[""https://app.notion.com/3c60b963e600814a9432e5f9561ab5e6""]",X/E-W,0.525m,Showbread Table · R Judah length 10 handbreadths
3c60b963-e600-8160-a779-f8dc56bbeb11,https://app.notion.com/3c60b963e6008160a779f8dc56bbeb11,2026-08-24 05:48:32Z,B,MID-4.7,3,1.575,cubit,M-SAN-NS-10,WATER_DESCENT,,Water descent zone on south side.,Candidate,"[""https://app.notion.com/3c60b963e60081d8adc4ff0eb75baa65""]",Y/N-S,0.525m,Sanctuary NS · water descent 3c
3c60b963-e600-8163-be63-d472146da981,https://app.notion.com/3c60b963e6008163be63d472146da981,2026-08-24 05:48:32Z,B,MID-4.7,6,3.15,cubit,M-SAN-NS-05,HEKHAL_WALL_N,,North Hekhal wall thickness zone.,Candidate,"[""https://app.notion.com/3c60b963e60081d8adc4ff0eb75baa65""]",Y/N-S,0.525m,Sanctuary NS · north Hekhal wall 6c
3c60b963-e600-8164-86da-f688948736c9,https://app.notion.com/3c60b963e600816486daf688948736c9,2026-08-24 07:13:33Z,C,DERIVED_MISHNAH_PAROKHET,6,,count,M-PAROKHET-EACHCOMP6,TEXTILE_PAROKHET,Keep derived flag.,"Derived as 24/4 material-color components; interpretive yarn architecture, not separately stated raw count.",Candidate,"[""https://app.notion.com/3c60b963e600818dbfc3ca7699507380""]",Radius/Other,N/A,Parokhet threads per color/material · derived 6
3c60b963-e600-8166-b21b-d68fcdec5881,https://app.notion.com/3c60b963e6008166b21bd68fcdec5881,2026-08-24 07:38:36Z,B,MESIBBAH-PATRICH,7,3.675,cubit,M-MESIBBAH-PATRICH-LANDING7C,MESIBBAH,Landings align with cell-story floor levels in reconstruction.,"Three reconstructed landings, each 7c.",Candidate,"[""https://app.notion.com/3c60b963e60081e2a794ed96e48b097a""]",X/E-W,0.525m,Patrich mesibbah landing length · 7 cubits
3c60b963-e600-816e-af70-ca8314f5eb7d,https://app.notion.com/3c60b963e600816eaf70ca8314f5eb7d,2026-08-24 07:13:33Z,A,SHOWBREAD_SYSTEM,2,,count,M-SHB-STACKS2,SHOWBREAD_CONTENTS,,Two bread stacks.,Locked,"[""https://app.notion.com/3c60b963e600814a9432e5f9561ab5e6""]",Radius/Other,N/A,Showbread stacks · count 2
3c60b963-e600-816f-8402-e38697826792,https://app.notion.com/3c60b963e600816f8402e38697826792,2026-08-24 08:08:43Z,A,YOMA_ALTAR_ALIGNMENT,0,0,cubit,M-AZ-ALTAR-CENTER-Y0,ALTAR_MID,Coordinate is derived from textual alignment; not a direct surveyed coordinate.,Derived from Yoma 16b: altar 32c = 11c north +10c opposite Hekhal doorway +11c south; Hekhal doorway centered on H0 axis.,Candidate,"[""https://app.notion.com/3c60b963e60081b8b14ac66a73c25379""]",Y/N-S,0.525m,Azarah altar centerline Y · H0 aligned
3c60b963-e600-8172-85cb-f05f6dc64cc2,https://app.notion.com/3c60b963e600817285cbf05f6dc64cc2,2026-08-24 05:48:32Z,B,MID-4.7,20,10.5,cubit,M-SAN-EW-06,HOLY_OF_HOLIES,,Holy of Holies interior east-west length; H0 centered within it.,Candidate,"[""https://app.notion.com/3c60b963e60081d8adc4ff0eb75baa65""]",X/E-W,0.525m,Sanctuary EW · Holy of Holies 20c
3c60b963-e600-8172-9459-dcf2e1841b15,https://app.notion.com/3c60b963e60081729459dcf2e1841b15,2026-08-24 06:44:39Z,A,PHYSICAL_TRIPLE_CHAMBERS,14.3,14.3,meter,M-TRIPLE-CHAMBERS-L14_3,SUB-021,Exact chamber A/B split awaits plan digitization.,Total length of the two principal rock-cut chambers parallel to south wall.,Candidate,"[""https://app.notion.com/3c60b963e60081ecb49ceb50c49d7384""]",X/E-W,N/A,Triple Gate two rock-cut chambers · total length
3c60b963-e600-8172-956c-d777a8b1f719,https://app.notion.com/3c60b963e6008172956cd777a8b1f719,2026-08-24 05:48:32Z,B,MID-4.7,5,2.625,cubit,M-SAN-NS-09,CELL_WALL_S,,South cell wall zone.,Candidate,"[""https://app.notion.com/3c60b963e60081d8adc4ff0eb75baa65""]",Y/N-S,0.525m,Sanctuary NS · south cell wall 5c
3c60b963-e600-8172-b68a-f03b5df840f1,https://app.notion.com/3c60b963e6008172b68af03b5df840f1,2026-08-24 06:43:04Z,B,HISTORICAL_SURVEY_WARREN,10.5,3.2004,foot,M-WARREN-TRIPLE-TUNNEL-PIER-CLEAR10_5FT,SUB-041,"Record as clear interval between wall piers, not center-to-center bay.",Warren/Conder: piers c.10 ft 6 in apart with semicircular arches over.,Candidate,"[""https://app.notion.com/3c60b963e60081028707c20f3c2e9004""]",Width,N/A,Triple tunnel west-wall pier spacing clear
3c60b963-e600-8174-9fec-e2cce79240b8,https://app.notion.com/3c60b963e60081749fece2cce79240b8,2026-08-24 06:43:04Z,B,HISTORICAL_SURVEY_WARREN,18,0.4572,inch,M-WARREN-TRIPLE-RECESS-D18IN,SUB-041,Observed historical fabric.,Warren/Conder: rough ashlar infill between piers forms recesses c.18 in deep.,Candidate,"[""https://app.notion.com/3c60b963e60081028707c20f3c2e9004""]",Depth,N/A,Triple tunnel wall recess depth
3c60b963-e600-8176-8e8e-de8246b3823b,https://app.notion.com/3c60b963e60081768e8ede8246b3823b,2026-08-24 06:43:04Z,B,LATER_EXTENSION_REFERENCE,260,79.248,foot,M-WARREN-DOUBLE-PRESENT-L260FT,SUB-040,Do not use full 260ft as AD30 tunnel length.,Warren/Conder: present tunnel then extended c.260 ft under Aksa; northern extension interpreted as later.,Candidate,"[""https://app.notion.com/3c60b963e60081028707c20f3c2e9004""]",Depth,N/A,Double tunnel present extended length under Aksa
3c60b963-e600-8176-b425-e00f857c1a8d,https://app.notion.com/3c60b963e6008176b425e00f857c1a8d,2026-08-24 06:44:39Z,B,SECONDARY_TRANSCRIPTION,0.7,0.7,meter,M-TRIPLE-CHAMBER-PARTITION-T0_7,SUB-021,Do not lock until verified on original 2016 plan/section.,Secondary transcription of excavation dimensions: quarried partition c.0.7m thick.,Candidate,"[""https://app.notion.com/3c60b963e60081ecb49ceb50c49d7384""]",Width,N/A,Triple Gate chamber partition wall thickness · transcribed
3c60b963-e600-8177-a545-dd1c54c3826c,https://app.notion.com/3c60b963e6008177a545dd1c54c3826c,2026-08-24 07:14:17Z,A,MISHNAH_TAMID_RAW,2,,count,M-ALTAR-DAILY-FIREPILES2,ALTAR_FIRE_SYSTEM,Do not model only a single undifferentiated fire.,Tamid describes main sacrificial arrangement plus second arrangement for incense coals; additional constant-fire interpretation is commentary/tradition and kept separate.,Locked,"[""https://app.notion.com/3c60b963e60081339770c3483e0d57ef""]",Radius/Other,N/A,Outer altar main fire arrangements · minimum daily count 2
3c60b963-e600-8178-8e76-fedd87545219,https://app.notion.com/3c60b963e60081788e76fedd87545219,2026-08-24 05:48:32Z,B,MID-4.7,6,3.15,cubit,M-SAN-EW-08,WEST_CELL,,Western cell width in middle-level plan chain.,Candidate,"[""https://app.notion.com/3c60b963e60081d8adc4ff0eb75baa65""]",X/E-W,0.525m,Sanctuary EW · west cell 6c
3c60b963-e600-8179-80e6-ffbe0568acbb,https://app.notion.com/3c60b963e600817980e6ffbe0568acbb,2026-08-24 07:24:56Z,A,MID_CELLS,5,2.625,cubit,M-CELL-LOWER-W5C,SANCT-CELLS,,Lowest-story cell width; ceiling projection broadens next zone to 6c.,Locked,"[""https://app.notion.com/3c60b963e600813c885bcb46530d9be0""]",Width,0.525m,Lowest cell width · 5 cubits
3c60b963-e600-8179-ace0-cc7a898b0d65,https://app.notion.com/3c60b963e6008179ace0cc7a898b0d65,2026-08-24 06:43:04Z,C,HISTORICAL_DATUM_WARREN,38,11.5824,foot,M-WARREN-TRIPLE-SILL-BELOW-SANCT38FT,SUB-041,Requires normalization to absolute/relative datum and phase validation before 3D lock.,Warren/Conder historical datum: gate sill c.38 ft below Sanctuary level.,Candidate,"[""https://app.notion.com/3c60b963e60081028707c20f3c2e9004""]",Z/Height,N/A,Triple Gate sill below Sanctuary level
3c60b963-e600-817a-b28b-ce9daa7fcd54,https://app.notion.com/3c60b963e600817ab28bce9daa7fcd54,2026-08-24 06:32:55Z,A,PHYSICAL_A9477,3.84,3.84,meter,M-SOUTH-SLAB1075-L,SUB-050,Exceptional slab.,IAA 2026 paving slab L1075.,Candidate,"[""https://app.notion.com/3c60b963e60081b18759cc5641abd6c6""]",X/E-W,N/A,Exceptional south street slab · length
3c60b963-e600-817d-bf06-dc89bddd3e04,https://app.notion.com/3c60b963e600817dbf06dc89bddd3e04,2026-08-24 08:08:43Z,B,RAMBAM_RAMP_GEOMETRY,-14,-7.35,cubit,M-AZ-RAMP-SOURCE-N-Y,ALTAR-RAMP,Corrected from P-03 v0.1 direction.,"32c source ramp envelope from Y=-46c to Y=-14c, overlapping 2c into altar zone.",Candidate,"[""https://app.notion.com/3c60b963e60081f18fd2d10ba1662852""]",Y/N-S,0.525m,Ramp source envelope north overlap Y
3c60b963-e600-817f-a5e9-e39aa640f7b4,https://app.notion.com/3c60b963e600817fa5e9e39aa640f7b4,2026-08-24 07:49:13Z,A,NICANOR-RABBINIC-WEST,10,5.25,cubit,M-NICANOR-W10C,NICANOR-RABBINIC-WEST,Gatehouse outer width remains unresolved.,Applies Middot general non-Ulam gate class to Nicanor.,Candidate,"[""https://app.notion.com/3c60b963e60081a18482fb314ae58d10""]",Width,0.525m,Rabbinic Nicanor central opening width · 10 cubits
3c60b963-e600-8181-8e7e-e811e4a4a29f,https://app.notion.com/3c60b963e60081818e7ee811e4a4a29f,2026-08-24 07:38:36Z,B,CELL-PATRICH-RITMEYER,5,2.625,cubit,M-CELL-PATRICH-TOPROOF5C,SANCT-CELLS,Couples to lower sanctuary roof build-up.,"Roof structure above third-story cells, aligning roof surface with Upper Chamber floor.",Candidate,"[""https://app.notion.com/3c60b963e60081e2a794ed96e48b097a""]",Z/Height,0.525m,Patrich top cell roof build-up · 5 cubits
3c60b963-e600-8181-ace1-c9d1d5b20992,https://app.notion.com/3c60b963e6008181ace1c9d1d5b20992,2026-08-24 06:16:04Z,B,MID,6,3.15,cubit,M-HEL-STEPS-TOTAL-Z,HEL_STEPS,Individual tread already registered separately.,"Total rise from 12 steps, each 0.5 cubit high.",Locked,"[""https://app.notion.com/3c60b963e6008117a894d256d899f98f""]",Z/Height,0.525m,Hel → Court rise · 12×0.5c = 6c
3c60b963-e600-8181-ba7e-e4720f21005d,https://app.notion.com/3c60b963e6008181ba7ee4720f21005d,2026-08-24 06:36:56Z,C,HISTORICAL_SURVEY_WARREN,190,57.912,foot,M-WARREN-SOUTH-TUNNEL-L190FT,SUB-040/SUB-041,Critical C-02 candidate; requires modern plan correlation before locking emergence point.,Historical survey places original Double/Triple tunnel masonry termination at about 190 ft north of south wall before later continuation.,Candidate,"[""https://app.notion.com/3c60b963e60081028707c20f3c2e9004""]",Depth,N/A,South gate original tunnel termination from south wall · historical
3c60b963-e600-8182-a0dc-ceecafee7d2a,https://app.notion.com/3c60b963e6008182a0dcceecafee7d2a,2026-08-24 07:38:36Z,B,CELL-PATRICH-RITMEYER,2,1.05,cubit,M-CELL-PATRICH-CEILING2C,SANCT-CELLS,Two occurrences.,Assumed ceiling/floor structure between stories 1–2 and 2–3.,Candidate,"[""https://app.notion.com/3c60b963e60081e2a794ed96e48b097a""]",Z/Height,0.525m,Patrich intermediate cell ceiling structure · 2 cubits
3c60b963-e600-8183-8473-f9ac61d884a4,https://app.notion.com/3c60b963e60081838473f9ac61d884a4,2026-08-24 07:24:56Z,A,MID_CELLS,5,,count,M-CELLS-NS-PERFLOOR5,SANCT-CELLS-NS,,Five cells on each N/S story.,Locked,"[""https://app.notion.com/3c60b963e600813c885bcb46530d9be0""]",Radius/Other,N/A,North/South cells per floor · 5
3c60b963-e600-8185-9abd-ef1cb6ae5333,https://app.notion.com/3c60b963e60081859abdef1cb6ae5333,2026-08-24 07:13:33Z,A,SHOWBREAD_LOAF,10,0.875,handbreadth,M-SHB-LOAF-L10HB,SHOWBREAD_CONTENTS,Folded shape depends table variant.,Loaf length in Menachot discussion.,Candidate,"[""https://app.notion.com/3c60b963e600814a9432e5f9561ab5e6""]",X/E-W,0.525m,Showbread loaf length · 10 handbreadths
3c60b963-e600-8186-9670-c2b8ff377ff8,https://app.notion.com/3c60b963e60081869670c2b8ff377ff8,2026-08-24 05:48:32Z,B,MID-4.7,5,2.625,cubit,M-SAN-NS-11,OUTER_WALL_S,,North-to-south sanctuary chain segment 11/11; total 70c.,Candidate,"[""https://app.notion.com/3c60b963e60081d8adc4ff0eb75baa65""]",Y/N-S,0.525m,Sanctuary NS · outer south wall 5c
3c60b963-e600-8187-8125-fadedcdd78d6,https://app.notion.com/3c60b963e60081878125fadedcdd78d6,2026-08-24 07:38:36Z,B,CELL-PATRICH-RITMEYER,9,4.725,cubit,M-CELL-PATRICH-NS-CELL9C,SANCT-CELLS-NS,Not specified in Middot.,Assumed equal N/S cell longitudinal length.,Candidate,"[""https://app.notion.com/3c60b963e60081e2a794ed96e48b097a""]",X/E-W,0.525m,Patrich N/S individual cell length · 9 cubits
3c60b963-e600-8187-8bde-ef308fbe644d,https://app.notion.com/3c60b963e60081878bdeef308fbe644d,2026-08-24 07:43:29Z,B,UPPER-PATRICH,1,0.525,cubit,M-LULIN-PATRICH-WALL-OFFSET1C,UPPER-LULIN,Functional reconstruction assumption.,Reconstructed clear setback from Holy-of-Holies walls.,Candidate,"[""https://app.notion.com/3c60b963e60081ae81d7d7042b64544a""]",Radius/Other,0.525m,Patrich lulin setback from wall · 1 cubit
3c60b963-e600-8188-9183-c367ec9f8fa7,https://app.notion.com/3c60b963e60081889183c367ec9f8fa7,2026-08-24 05:26:23Z,B,MID,20,10.5,cubit,M-ULAM-GATE-W,ULAM_GATE,,Front Porch opening width.,Candidate,"[""https://app.notion.com/3c60b963e60081faa927debb290f4639""]",Width,0.525m,Porch doorway width · 20 cubits
3c60b963-e600-8188-a892-d976abc0bbd5,https://app.notion.com/3c60b963e6008188a892d976abc0bbd5,2026-08-24 07:38:36Z,B,MESIBBAH-PATRICH,14,7.35,cubit,M-MESIBBAH-PATRICH-FLIGHT14C,MESIBBAH,Two occurrences.,First and second reconstructed stair-flight runs.,Candidate,"[""https://app.notion.com/3c60b963e60081e2a794ed96e48b097a""]",X/E-W,0.525m,Patrich mesibbah standard flight run · 14 cubits
3c60b963-e600-8188-b32b-e173b7e202e5,https://app.notion.com/3c60b963e6008188b32be173b7e202e5,2026-08-24 05:26:23Z,C,JOS_ANT15,25,13.125,cubit,M-JOS-STONE25-L,TEMPLE_MASONRY,Do not repeat uniformly across all masonry.,Example monumental stone length in Antiquities 15.391.,Candidate,"[""https://app.notion.com/3c60b963e60081e081e1ea20fa9fb317""]",X/E-W,0.525m,Josephus ashlar length · 25 cubits
3c60b963-e600-818b-af09-e3e5796b8faa,https://app.notion.com/3c60b963e600818baf09e3e5796b8faa,2026-08-24 05:26:23Z,B,MID,1,0.525,cubit,M-ULAM-STEP-D,ULAM_STEPS,,Individual step tread before landings.,Candidate,"[""https://app.notion.com/3c60b963e600812e85d7ef89bcd48bc4""]",Depth,0.525m,Porch approach step tread · 1 cubit
3c60b963-e600-818b-bdb0-c53d4573bb8d,https://app.notion.com/3c60b963e600818bbdb0c53d4573bb8d,2026-08-24 07:24:56Z,A,MID_WOMEN_COURT,40,21,cubit,M-WOMEN-CORNER-SIDE40C,WOMEN-CORNER-CHAMBERS,Exact masonry thickness/opening layout unresolved.,Each corner chamber described as forty cubits; use as plan-side dimension in current reconstruction while preserving wall-thickness uncertainty.,Candidate,"[""https://app.notion.com/3c60b963e60081e186bded86e836a012""]",Width,0.525m,Court of Women corner chamber side · 40 cubits
3c60b963-e600-818c-ae65-c7e605284a6d,https://app.notion.com/3c60b963e600818cae65c7e605284a6d,2026-08-24 05:48:32Z,B,MID-4.7,3,1.575,cubit,M-SAN-NS-02,MESIBBAH,,Winding passage width.,Candidate,"[""https://app.notion.com/3c60b963e60081d8adc4ff0eb75baa65""]",Y/N-S,0.525m,Sanctuary NS · mesibbah 3c
3c60b963-e600-818d-98f5-ce8c65f1d2b0,https://app.notion.com/3c60b963e600818d98f5ce8c65f1d2b0,2026-08-24 05:26:23Z,B,MID,10,5.25,cubit,M-HEKHAL-GATE-W,HEKHAL_GATE,,Hekhal entrance opening.,Candidate,"[""https://app.notion.com/3c60b963e600812b8a3ec4278ec1f297""]",Width,0.525m,Hekhal doorway width · 10 cubits
3c60b963-e600-818d-bf3b-fcc288a9e158,https://app.notion.com/3c60b963e600818dbf3bfcc288a9e158,2026-08-24 06:16:04Z,B,HEIGHT_STD,6,3.15,cubit,M-SANCT-FOUND-Z,SANCT_HEIGHT,,Closed foundation before main interior volume.,Locked,"[""https://app.notion.com/3c60b963e60081a38da7c81ef15d9c63""]",Z/Height,0.525m,Sanctuary foundation / Otem · 6 cubits
3c60b963-e600-818e-8c4b-ec0cb9cc2189,https://app.notion.com/3c60b963e600818e8c4bec0cb9cc2189,2026-08-24 07:24:56Z,A,R_JUDAH_TOP5C,5,2.625,cubit,M-ULAM-LANDING-TOP5C-RJ,ULAM-APPROACH,Never average with 4c.,Rabbi Judah upper landing variant.,Conflict,"[""https://app.notion.com/3c60b963e6008182abd1d79866c98995""]",X/E-W,0.525m,Altar→Ulam upper landing · R Judah 5 cubits
3c60b963-e600-818f-81e1-cb6ed5222adf,https://app.notion.com/3c60b963e600818f81e1cb6ed5222adf,2026-08-24 06:44:39Z,B,SECONDARY_TRANSCRIPTION,5.2,5.2,meter,M-TRIPLE-CHAMBER-NORTHWALL-H5_2,SUB-021,Critical section value; verify from official plate before final mesh.,"Secondary transcription: northern rock face c.5.2m high and slightly sloping south, upper shelf supporting masonry vault.",Candidate,"[""https://app.notion.com/3c60b963e60081ecb49ceb50c49d7384""]",Z/Height,N/A,Triple Gate chamber north rock wall height · transcribed
3c60b963-e600-8192-8b51-e41a4d6e4e61,https://app.notion.com/3c60b963e60081928b51e41a4d6e4e61,2026-08-24 06:16:04Z,B,ALTAR_MID,10,5.25,cubit,M-ALT-MID-Z10,ALTAR_MAIN,"Model as stepped geometry, not a single box.",Stepped profile total rise from 1+5+3+1 cubits.,Locked,"[""https://app.notion.com/3c60b963e600819d8781eb54ea444507""]",Z/Height,0.525m,Middot altar total height · 10 cubits
3c60b963-e600-8194-a9e3-cf9aa5d0151f,https://app.notion.com/3c60b963e6008194a9e3cf9aa5d0151f,2026-08-24 07:46:27Z,A,MID_DERIVED_STANDARD_STEP,7.5,3.9375,cubit,M-WOMEN-ISRAEL-TOTAL-RISE7_5C,WOMEN-NICANOR-STEPS,Strong source-derived total; not a separately stated raw total.,Derived from explicit 15 semicircular steps plus Middot 2:3 general rule of 0.5c rise for all non-Ulam steps.,Candidate,"[""https://app.notion.com/3c60b963e60081e186bded86e836a012""]",Z/Height,0.525m,Women→Israel 15-step total rise · 7.5 cubits
3c60b963-e600-8194-b9ed-d92e0a062ef4,https://app.notion.com/3c60b963e6008194b9edd92e0a062ef4,2026-08-24 07:24:56Z,A,PRINTED_1C_TREAD,1,0.525,cubit,M-ULAM-STEP-TREAD1C-PRINTED,ULAM-APPROACH,Do not merge with half-cubit textual-witness interpretation.,Common printed/translation reading; textual-witness alternate is maintained separately.,Conflict,"[""https://app.notion.com/3c60b963e6008182abd1d79866c98995""]",X/E-W,0.525m,Altar→Ulam step tread · printed 1 cubit
3c60b963-e600-8199-b96e-c83166ba6471,https://app.notion.com/3c60b963e6008199b96ec83166ba6471,2026-08-24 06:32:55Z,A,PHYSICAL_A9477,3.4,3.4,meter,M-SOUTH-CELL-D,SUB-011/SUB-020,Average only.,IAA 2026 Area B average rectangular cell depth.,Candidate,"[""https://app.notion.com/3c60b963e60081b18759cc5641abd6c6""]",Depth,N/A,Southern foundation support cell · average depth
3c60b963-e600-819b-aacc-fdfd5aa0a242,https://app.notion.com/3c60b963e600819baaccfdfd5aa0a242,2026-08-24 07:43:29Z,B,UPPER-PATRICH,3,1.575,cubit,M-ROOF-PATRICH-GRID3C,SANCT-CEILING-GRID,Beam member cross-sections remain unresolved.,Primary/secondary beam system forms 3×3c square modules in reconstruction.,Candidate,"[""https://app.notion.com/3c60b963e60081ae81d7d7042b64544a""]",Radius/Other,0.525m,Patrich ceiling beam-grid module · 3 cubits
3c60b963-e600-819e-b457-cd2469b2309b,https://app.notion.com/3c60b963e600819eb457cd2469b2309b,2026-08-24 06:43:04Z,B,HISTORICAL_SURVEY_WARREN,192,58.5216,foot,M-WARREN-SOUTH-TUNNEL-L192FT,SUB-040/SUB-041,Related text elsewhere says 190 ft; preserve 190 and 192 as separate observations.,Warren/Conder: piers/arches or original double tunnel terminate around 192 ft north of south wall.,Conflict,"[""https://app.notion.com/3c60b963e60081028707c20f3c2e9004""]",Depth,N/A,Triple/Double original tunnel masonry length · 192ft record
3c60b963-e600-81a0-8781-ef6251eeaa6a,https://app.notion.com/3c60b963e60081a08781ef6251eeaa6a,2026-08-24 08:12:44Z,B,RAMBAM_15STEP,7.5,3.9375,cubit,M-NIC-RAMBAM-TOTAL7_5C,NICANOR-STEPS,Derived checksum.,15 × 0.5c rise.,Candidate,"[""https://app.notion.com/3c60b963e60081478b13eb65c1f86716""]",Z/Height,0.525m,Nicanor 15-step total rise · Rambam
3c60b963-e600-81a0-9e5e-da06d317f7dd,https://app.notion.com/3c60b963e60081a09e5eda06d317f7dd,2026-08-24 05:26:23Z,B,ALTAR_MID,32,16.8,cubit,M-ALT-MID-X,ALTAR_MAIN,Josephus gives 50 cubits.,Middot base dimension.,Conflict,"[""https://app.notion.com/3c60b963e600819d8781eb54ea444507""]",X/E-W,0.525m,Middot altar base · 32 cubits
3c60b963-e600-81a1-a41c-e718d50cba88,https://app.notion.com/3c60b963e60081a1a41ce718d50cba88,2026-08-24 05:48:32Z,B,MID-4.7,6,3.15,cubit,M-SAN-EW-07,HEKHAL_WALL_W,,East-to-west sanctuary chain segment 7/9.,Candidate,"[""https://app.notion.com/3c60b963e60081d8adc4ff0eb75baa65""]",X/E-W,0.525m,Sanctuary EW · Hekhal west wall 6c
3c60b963-e600-81a2-8f55-cb7fee2545bc,https://app.notion.com/3c60b963e60081a28f55cb7fee2545bc,2026-08-24 07:43:29Z,A,MID_UPPER_CHAMBER,2,,count,M-UPPER-CEDAR-POSTS2,UPPER-CHAMBER-ENTRY,"Cross-section, rung treatment and exact spacing unresolved.",Two cedar elements/posts in Upper Chamber doorway used to climb to roof.,Locked,"[""https://app.notion.com/3c60b963e600812da2b6ce12d7445dfe""]",Radius/Other,N/A,Upper Chamber cedar climbing posts · count 2
3c60b963-e600-81a2-994e-c084ae032de6,https://app.notion.com/3c60b963e60081a2994ec084ae032de6,2026-08-24 08:08:43Z,A,YOMA_ALTAR_ALIGNMENT,16,8.4,cubit,M-AZ-ALTAR-N-Y,ALTAR_MID,Derived boundary.,32c altar centered on Y=0 axis.,Candidate,"[""https://app.notion.com/3c60b963e60081b8b14ac66a73c25379""]",Y/N-S,0.525m,Altar north face Y
3c60b963-e600-81a2-a87a-f20875ecaf17,https://app.notion.com/3c60b963e60081a2a87af20875ecaf17,2026-08-24 08:12:44Z,B,RAMBAM_15STEP,0.5,0.2625,cubit,M-NIC-RAMBAM-TREAD0_5C,NICANOR-STEPS,Used only in RAMBAM_15STEP parametric layer.,Rambam 6:2 individual step tread/depth.,Candidate,"[""https://app.notion.com/3c60b963e60081478b13eb65c1f86716""]",Depth,0.525m,Nicanor 15-step tread per step · Rambam
3c60b963-e600-81a3-9ddd-fffc6711199b,https://app.notion.com/3c60b963e60081a39dddfffc6711199b,2026-08-24 05:26:23Z,B,MID,10,5.25,cubit,M-HEL-001,HEL,,Clear zone inside Soreg.,Candidate,"[""https://app.notion.com/3c60b963e6008117a894d256d899f98f""]",Width,0.525m,Hel width · 10 cubits
3c60b963-e600-81a3-b057-c26cc2ab4b7a,https://app.notion.com/3c60b963e60081a3b057c26cc2ab4b7a,2026-08-24 07:24:56Z,A,MID_ULAM_STEPS,12,,count,M-ULAM-APPROACH-STEPS12,ULAM-APPROACH,,Twelve approach steps.,Locked,"[""https://app.notion.com/3c60b963e6008182abd1d79866c98995""]",Radius/Other,N/A,Altar→Ulam steps · count 12
3c60b963-e600-81a4-87d6-e92a7fcfa3a5,https://app.notion.com/3c60b963e60081a487d6e92a7fcfa3a5,2026-08-24 08:08:43Z,B,RAMBAM_AZARAH_Y,56,29.4,cubit,M-AZ-PILLAR-ALLOC-S-Y,SLAUGHTER-PILLARS,Object footprints within the allocation are unresolved.,After 24c rings +4c rings-to-tables +4c tables-to-pillars.,Candidate,"[""https://app.notion.com/3c60b963e60081f9ad7cd6b8e86daf3c""]",Y/N-S,0.525m,Pillar/service allocation south Y · Rambam
3c60b963-e600-81a4-9fa0-f1da48b7db8b,https://app.notion.com/3c60b963e60081a49fa0f1da48b7db8b,2026-08-24 07:38:36Z,B,CELL-PATRICH-RITMEYER,4,2.1,cubit,M-CELL-PATRICH-DIVIDER4C,SANCT-CELLS,Used N/S and lower/middle west reconstruction.,Assumed barrier wall between longitudinal cells.,Candidate,"[""https://app.notion.com/3c60b963e60081e2a794ed96e48b097a""]",Width,0.525m,Patrich cell divider wall · 4 cubits
3c60b963-e600-81a4-b5d5-fb096b8a37af,https://app.notion.com/3c60b963e60081a4b5d5fb096b8a37af,2026-08-24 07:13:33Z,A,MISHNAH_PAROKHET,40,21,cubit,M-PAROKHET-H40C,TEXTILE_PAROKHET,Metric is working-cubit conversion.,Mishnah Shekalim parokhet dimension; orientation height assumed by traditional reading.,Candidate,"[""https://app.notion.com/3c60b963e600818dbfc3ca7699507380""]",Z/Height,0.525m,Parokhet height · Mishnah 40 cubits
3c60b963-e600-81a6-a21c-e9b92601ef34,https://app.notion.com/3c60b963e60081a6a21ce9b92601ef34,2026-08-24 07:24:56Z,A,R_ELIEZER_BEN_JACOB,3,,count,M-ISRAEL-PRIESTS-3STEPS,ISRAEL-PRIESTS-LEVEL,,Three additional half-cubit steps in R. Eliezer b. Jacob variant.,Candidate,"[""https://app.notion.com/3c60b963e60081e186bded86e836a012""]",Radius/Other,N/A,Israel→Priests additional steps · count 3
3c60b963-e600-81a6-ad17-f05feef36f43,https://app.notion.com/3c60b963e60081a6ad17f05feef36f43,2026-08-24 07:13:33Z,A,R_MEIR_TABLE,6,0.525,handbreadth,M-SHB-MEIR-W6HB,SHOWBREAD_TABLE,,R. Meir table variant.,Conflict,"[""https://app.notion.com/3c60b963e600814a9432e5f9561ab5e6""]",Width,0.525m,Showbread Table · R Meir width 6 handbreadths
3c60b963-e600-81a8-bb7c-fc742f198eeb,https://app.notion.com/3c60b963e60081a8bb7cfc742f198eeb,2026-08-24 05:26:23Z,B,MID,0.5,0.2625,cubit,M-STEP-STD-Z,COURT_STEPS,,Standard step rise except Porch sequence.,Candidate,"[""https://app.notion.com/3c60b963e6008117a894d256d899f98f""]",Z/Height,0.525m,Standard court step height · 0.5 cubit
3c60b963-e600-81aa-9e38-f513d52cfaa6,https://app.notion.com/3c60b963e60081aa9e38f513d52cfaa6,2026-08-24 06:16:04Z,B,HEIGHT_STD,1,0.525,cubit,M-SANCT-CEIL2-Z,SANCT_HEIGHT,,Upper ceiling component.,Locked,"[""https://app.notion.com/3c60b963e60081a38da7c81ef15d9c63""]",Z/Height,0.525m,Upper ceiling · 1 cubit
3c60b963-e600-81ab-9e8d-f5625eee6aff,https://app.notion.com/3c60b963e60081ab9e8df5625eee6aff,2026-08-24 05:48:32Z,B,MID-4.7,5,2.625,cubit,M-SAN-EW-09,OUTER_WALL_W,,East-to-west sanctuary chain segment 9/9; total 100c.,Candidate,"[""https://app.notion.com/3c60b963e60081d8adc4ff0eb75baa65""]",X/E-W,0.525m,Sanctuary EW · outer west wall 5c
3c60b963-e600-81ac-a3cd-e79ba8a5811b,https://app.notion.com/3c60b963e60081aca3cde79ba8a5811b,2026-08-24 06:16:04Z,B,MID,100,52.5,cubit,M-ULAM-FACADE-Y100,ULAM,,Broad front/shoulders making lion-like plan.,Locked,"[""https://app.notion.com/3c60b963e60081d8adc4ff0eb75baa65""]",Y/N-S,0.525m,Ulam façade width · 100 cubits
3c60b963-e600-81ad-89cf-eae57eb631cb,https://app.notion.com/3c60b963e60081ad89cfeae57eb631cb,2026-08-24 05:48:32Z,B,MID-4.7,5,2.625,cubit,M-SAN-EW-01,ULAM_WALL_E,,East-to-west sanctuary chain segment 1/9.,Candidate,"[""https://app.notion.com/3c60b963e60081d8adc4ff0eb75baa65""]",X/E-W,0.525m,Sanctuary EW · Ulam east wall 5c
3c60b963-e600-81ad-b546-f7ffa1df38d5,https://app.notion.com/3c60b963e60081adb546f7ffa1df38d5,2026-08-24 05:26:23Z,C,JOS_WAR5,30,15.75,cubit,M-JOS-CLOISTER-W,OUTER_CLOISTER,,Outer cloister breadth.,Candidate,"[""https://app.notion.com/3c60b963e60081d686bdddc82992a485""]",Width,0.525m,Josephus outer cloister breadth · 30 cubits
3c60b963-e600-81ad-b721-d00d9075c47a,https://app.notion.com/3c60b963e60081adb721d00d9075c47a,2026-08-24 06:44:39Z,A,PHYSICAL_TRIPLE_CHAMBERS,7.5,7.5,meter,M-TRIPLE-CHAMBER-OFFSET-MAX,SUB-021,Use as range until plan coordinates are digitized.,Excavators report chambers at c.7.2–7.5m south of Triple Gate.,Candidate,"[""https://app.notion.com/3c60b963e60081ecb49ceb50c49d7384""]",Y/N-S,N/A,Triple Gate rock-cut chamber offset from façade · maximum
3c60b963-e600-81ad-bc52-de89fbece7e5,https://app.notion.com/3c60b963e60081adbc52de89fbece7e5,2026-08-24 06:16:04Z,B,MID,10,0.875,handbreadth,M-SOREG-Z,SOREG,Handbreadth conversion tied to selected cubit system.,10 handbreadths using 6 handbreadths per 0.525m cubit.,Candidate,"[""https://app.notion.com/3c60b963e6008117a894d256d899f98f""]",Z/Height,0.525m,Soreg height · 10 handbreadths
3c60b963-e600-81ae-97ff-f64089709814,https://app.notion.com/3c60b963e60081ae97fff64089709814,2026-08-24 07:13:33Z,A,MISHNAH_PAROKHET,72,,count,M-PAROKHET-CORDS72,TEXTILE_PAROKHET,Do not proceduralize as exactly 72 total visible vertical cords without textile study.,"Raw traditional count; terminology interpreted as composite yarn/cord architecture, not total curtain warp count.",Candidate,"[""https://app.notion.com/3c60b963e600818dbfc3ca7699507380""]",Radius/Other,N/A,Parokhet composite cords/yarn units · 72
3c60b963-e600-81af-93a1-ca46c1888870,https://app.notion.com/3c60b963e60081af93a1ca46c1888870,2026-08-24 05:26:23Z,B,MID,100,52.5,cubit,M-HEKHAL-X,HEKHAL_COMPLEX,,Porch + Hekhal + Holy of Holies + rear cells total.,Candidate,"[""https://app.notion.com/3c60b963e60081d8adc4ff0eb75baa65""]",X/E-W,0.525m,Hekhal total E-W · 100 cubits
3c60b963-e600-81af-b6cc-f5dce3d41d27,https://app.notion.com/3c60b963e60081afb6ccf5dce3d41d27,2026-08-24 07:13:33Z,A,SHOWBREAD_SYSTEM,12,,count,M-SHB-LOAVES12,SHOWBREAD_CONTENTS,,Two stacks of six.,Locked,"[""https://app.notion.com/3c60b963e600814a9432e5f9561ab5e6""]",Radius/Other,N/A,Showbread loaves · count 12
3c60b963-e600-81b3-8cc9-e9f645081217,https://app.notion.com/3c60b963e60081b38cc9e9f645081217,2026-08-24 05:26:23Z,B,ALTAR_JOS,50,26.25,cubit,M-ALT-JOS-X,ALTAR_MAIN,Do not merge with Middot 32×32.,Josephus square altar dimension.,Conflict,"[""https://app.notion.com/3c60b963e600814c87e6c984c92f69e8""]",X/E-W,0.525m,Josephus altar E-W · 50 cubits
3c60b963-e600-81b3-8f86-ec1439612825,https://app.notion.com/3c60b963e60081b38f86ec1439612825,2026-08-24 07:13:33Z,A,JOSEPHUS_WAR5,55,28.875,cubit,M-JOS-VEIL-H55C,PAROKHET_JOSEPHUS,Do not merge with 40c height.,Josephus source-specific veil equal to inner golden doors; conflicts with Mishnah textile dimension system and must remain separate.,Conflict,"[""https://app.notion.com/3c60b963e60081e58679cf56a0fb9885""]",Z/Height,0.525m,Josephus veil/door height · 55 cubits
3c60b963-e600-81b3-9aaa-c94722cf3924,https://app.notion.com/3c60b963e60081b39aaac94722cf3924,2026-08-24 05:48:32Z,B,MID-4.7,40,21,cubit,M-SAN-EW-04,HEKHAL_INTERIOR,,Holy Place interior east-west length.,Candidate,"[""https://app.notion.com/3c60b963e60081d8adc4ff0eb75baa65""]",X/E-W,0.525m,Sanctuary EW · Hekhal interior 40c
3c60b963-e600-81b4-a9fd-cdd9f270f9dc,https://app.notion.com/3c60b963e60081b4a9fdcdd9f270f9dc,2026-08-24 07:43:29Z,B,UPPER-PATRICH,2,1.05,cubit,M-LULIN-PATRICH-SPACING2C,UPPER-LULIN,Functional working-area overlap rationale.,Reconstructed spacing between adjacent maintenance openings.,Candidate,"[""https://app.notion.com/3c60b963e60081ae81d7d7042b64544a""]",Radius/Other,0.525m,Patrich lulin clear spacing · 2 cubits
3c60b963-e600-81b4-aa0a-f8e965bab05a,https://app.notion.com/3c60b963e60081b4aa0af8e965bab05a,2026-08-24 06:16:04Z,B,HEIGHT_STD,40,21,cubit,M-SANCT-UPPER-Z,SANCT_HEIGHT,,Upper chamber clear height.,Locked,"[""https://app.notion.com/3c60b963e60081a38da7c81ef15d9c63""]",Z/Height,0.525m,Upper chamber height · 40 cubits
3c60b963-e600-81b5-8b36-e35b50e870fb,https://app.notion.com/3c60b963e60081b58b36e35b50e870fb,2026-08-24 07:13:33Z,A,SHOWBREAD_SYSTEM,4,,count,M-SHB-SUPPORTS4,SHOWBREAD_TABLE,,Four golden supports/panels around table system.,Locked,"[""https://app.notion.com/3c60b963e600814a9432e5f9561ab5e6""]",Radius/Other,N/A,Showbread golden supports · count 4
3c60b963-e600-81b8-955b-ee17abe8e9f8,https://app.notion.com/3c60b963e60081b8955bee17abe8e9f8,2026-08-24 05:26:23Z,B,ALTAR_MID,32,16.8,cubit,M-ALT-MID-Y,ALTAR_MAIN,Josephus gives 50 cubits.,Middot square altar base.,Conflict,"[""https://app.notion.com/3c60b963e600819d8781eb54ea444507""]",Y/N-S,0.525m,Middot altar base N-S · 32 cubits
3c60b963-e600-81bb-ac1e-dfda3d648733,https://app.notion.com/3c60b963e60081bbac1edfda3d648733,2026-08-24 05:48:32Z,B,MID-4.7,5,2.625,cubit,M-SAN-NS-03,CELL_WALL_N,,North-to-south sanctuary chain segment 3/11.,Candidate,"[""https://app.notion.com/3c60b963e60081d8adc4ff0eb75baa65""]",Y/N-S,0.525m,Sanctuary NS · north cell wall 5c
3c60b963-e600-81bb-b8d5-d4e2239371a5,https://app.notion.com/3c60b963e60081bbb8d5d4e2239371a5,2026-08-24 06:36:56Z,B,HISTORICAL_SURVEY_WARREN,6,1.8288,foot,M-WARREN-DOUBLE-PIER-W6FT,SUB-040,Portal/pier phases must be checked against later reconstruction.,Warren 1884 text: pier separating passages reported 6 ft wide.,Candidate,"[""https://app.notion.com/3c60b963e60081028707c20f3c2e9004""]",Width,N/A,Double Gate historical central pier width
3c60b963-e600-81bc-b7c0-cdadade1797f,https://app.notion.com/3c60b963e60081bcb7c0cdadade1797f,2026-08-24 05:26:23Z,B,MID,187,98.175,cubit,M-INNER-X,INNER_COURT,Must equal component sum 11+11+32+22+100+11.,Checksum dimension from Israel Court to western rear.,Candidate,"[""https://app.notion.com/3c60b963e60081259ba5dd04599cbc3d""]",X/E-W,0.525m,Whole inner court E-W · 187 cubits
3c60b963-e600-81be-9492-fc8ebb08c8f8,https://app.notion.com/3c60b963e60081be9492fc8ebb08c8f8,2026-08-24 07:24:56Z,A,MID_CELLS,3,,count,M-CELLS-W-F2-3,SANCT-CELLS-W,,West middle floor count.,Locked,"[""https://app.notion.com/3c60b963e600813c885bcb46530d9be0""]",Radius/Other,N/A,West cells middle floor · 3
3c60b963-e600-81bf-81af-f05fa95f7757,https://app.notion.com/3c60b963e60081bf81aff05fa95f7757,2026-08-24 06:32:55Z,A,PHYSICAL_A9477,7,7,meter,M-SOUTH-STREET-W,SUB-060/C-S02,This street segment is west/southwest of gates; not the monumental stair itself.,"IAA 2026 re-exposed first-century street south of Temple Mount, estimated width c.7m.",Candidate,"[""https://app.notion.com/3c60b963e60081b18759cc5641abd6c6""]",Width,N/A,First-century south street · estimated width
3c60b963-e600-81bf-a21b-cadbfdc336d5,https://app.notion.com/3c60b963e60081bfa21bcadbfdc336d5,2026-08-24 06:44:39Z,A,PHYSICAL_TRIPLE_CHAMBERS,4.8,4.8,meter,M-TRIPLE-CHAMBERS-W4_8,SUB-021,Rock walls are not assumed vertical; upper profile must follow section.,Width at chamber floor level reported by excavators.,Candidate,"[""https://app.notion.com/3c60b963e60081ecb49ceb50c49d7384""]",Y/N-S,N/A,Triple Gate rock-cut chambers · floor-level width
3c60b963-e600-81c2-986b-ecf35dcd287d,https://app.notion.com/3c60b963e60081c2986becf35dcd287d,2026-08-24 07:24:56Z,A,MID_CELLS,2,,count,M-CELLS-W-F3-2,SANCT-CELLS-W,,West upper floor count.,Locked,"[""https://app.notion.com/3c60b963e600813c885bcb46530d9be0""]",Radius/Other,N/A,West cells upper floor · 2
3c60b963-e600-81c2-995a-fee0d00be598,https://app.notion.com/3c60b963e60081c2995afee0d00be598,2026-08-24 07:24:56Z,A,MID_CELLS,3,,count,M-CELLS-W-F1-3,SANCT-CELLS-W,,West lower floor count.,Locked,"[""https://app.notion.com/3c60b963e600813c885bcb46530d9be0""]",Radius/Other,N/A,West cells lower floor · 3
3c60b963-e600-81c2-9fff-dbf2abac7af5,https://app.notion.com/3c60b963e60081c29fffdbf2abac7af5,2026-08-24 07:24:56Z,A,MID_CELLS,7,3.675,cubit,M-CELL-UPPER-W7C,SANCT-CELLS,,Upper-story cell width.,Locked,"[""https://app.notion.com/3c60b963e600813c885bcb46530d9be0""]",Width,0.525m,Upper cell width · 7 cubits
3c60b963-e600-81c2-a360-ffba43f45d5e,https://app.notion.com/3c60b963e60081c2a360ffba43f45d5e,2026-08-24 07:24:56Z,A,MID_CELLS,6,3.15,cubit,M-CELL-MIDDLE-W6C,SANCT-CELLS,,Middle-story cell width; ceiling projection broadens to 7c.,Locked,"[""https://app.notion.com/3c60b963e600813c885bcb46530d9be0""]",Width,0.525m,Middle cell width · 6 cubits
3c60b963-e600-81c2-bad9-cc4c0b944e03,https://app.notion.com/3c60b963e60081c2bad9cc4c0b944e03,2026-08-24 08:12:44Z,C,LEVELCHAIN_RAMBAM_REJ,-8.5,-4.4625,cubit,M-LEVEL-ISRAEL-H0-RAMBAM,ISRAEL_COURT,Composite derived level.,H0/Ulam FFL 0 minus Priests→Ulam 6c and Israel→Priests 2.5c.,Candidate,"[""https://app.notion.com/3c60b963e60081478b13eb65c1f86716""]",Z/Height,0.525m,Court of Israel FFL relative to H0 · combined variant
3c60b963-e600-81c3-8f99-c384a22347e7,https://app.notion.com/3c60b963e60081c38f99c384a22347e7,2026-08-24 08:08:43Z,B,RAMBAM_AZARAH_Y,76.5,40.1625,cubit,M-AZ-RAMBAM-N-WALL-Y,AZARAH,Together with south wall gives exactly 135c.,Selected reconstruction coordinate: altar north face +16c and Rambam north-wall-to-altar-wall 60.5c.,Candidate,"[""https://app.notion.com/3c60b963e60081b8b14ac66a73c25379"",""https://app.notion.com/3c60b963e60081f9ad7cd6b8e86daf3c""]",Y/N-S,0.525m,Azarah north wall Y · Rambam variant
3c60b963-e600-81c4-b317-c74c21ade7d9,https://app.notion.com/3c60b963e60081c4b317c74c21ade7d9,2026-08-24 05:26:23Z,C,JOS_ANT15,8,4.2,cubit,M-JOS-STONE25-H,TEMPLE_MASONRY,Check against archaeological ashlar corpus before geometry lock.,Example monumental stone height.,Candidate,"[""https://app.notion.com/3c60b963e60081e081e1ea20fa9fb317""]",Z/Height,0.525m,Josephus ashlar height · 8 cubits
3c60b963-e600-81c8-850a-e36847cdfe56,https://app.notion.com/3c60b963e60081c8850ae36847cdfe56,2026-08-24 05:26:23Z,B,JOS_GATE,30,15.75,cubit,M-GATE-JOS-Z,GATE_REGULAR_JOS,Compare with Middot 20-cubit standard doorway.,Regular gate door height in Josephus.,Conflict,"[""https://app.notion.com/3c60b963e60081f8b566ebf7d334f9d3""]",Z/Height,0.525m,Josephus regular gate height · 30 cubits
3c60b963-e600-81c9-9329-d3326830eb65,https://app.notion.com/3c60b963e60081c99329d3326830eb65,2026-08-24 05:26:23Z,B,MID,135,70.875,cubit,M-INNER-Y,INNER_COURT,,Overall inner courtyard N-S dimension.,Candidate,"[""https://app.notion.com/3c60b963e60081259ba5dd04599cbc3d""]",Y/N-S,0.525m,Whole inner court N-S · 135 cubits
3c60b963-e600-81cb-8e5a-fdc0203b2dea,https://app.notion.com/3c60b963e60081cb8e5afdc0203b2dea,2026-08-24 07:13:33Z,A,MISHNAH_PAROKHET,24,,count,M-PAROKHET-THREADS24,TEXTILE_PAROKHET,,Raw thread count per composite unit in tradition.,Candidate,"[""https://app.notion.com/3c60b963e600818dbfc3ca7699507380""]",Radius/Other,N/A,Parokhet threads per composite unit · 24
3c60b963-e600-81cb-a83b-d257d0a07141,https://app.notion.com/3c60b963e60081cba83bd257d0a07141,2026-08-24 07:43:29Z,B,UPPER-PATRICH,2,1.05,cubit,M-LULIN-PATRICH-SIDE2C,UPPER-LULIN,2×2c; not raw Middot.,Reconstructed square maintenance opening side.,Candidate,"[""https://app.notion.com/3c60b963e60081ae81d7d7042b64544a""]",Width,0.525m,Patrich lulin opening side · 2 cubits
3c60b963-e600-81cb-b07b-da4885a8b16e,https://app.notion.com/3c60b963e60081cbb07bda4885a8b16e,2026-08-24 05:26:23Z,B,MID,135,70.875,cubit,M-WOMEN-Y,WOMEN_COURT,,Square Court of Women dimension.,Candidate,"[""https://app.notion.com/3c60b963e6008178b3e4c4528e9f7a41""]",Y/N-S,0.525m,Court of Women N-S · 135 cubits
3c60b963-e600-81cc-8515-ca05e076a341,https://app.notion.com/3c60b963e60081cc8515ca05e076a341,2026-08-24 05:48:32Z,B,MID-4.7,5,2.625,cubit,M-SAN-NS-01,MESIBBAH_OUTER_WALL_N,,North-to-south sanctuary chain segment 1/11.,Candidate,"[""https://app.notion.com/3c60b963e60081d8adc4ff0eb75baa65""]",Y/N-S,0.525m,Sanctuary NS · mesibbah outer wall north 5c
3c60b963-e600-81cc-877c-ed41874c45ed,https://app.notion.com/3c60b963e60081cc877ced41874c45ed,2026-08-24 06:36:56Z,B,HISTORICAL_SURVEY_WARREN,39,11.8872,foot,M-WARREN-TRIPLE-TUNNEL-W39FT,SUB-041,Later three-arch façade should not be assumed identical to original double-tunnel organization.,Survey of Western Palestine reports Triple Gate double tunnel total width c.39 ft.,Candidate,"[""https://app.notion.com/3c60b963e60081028707c20f3c2e9004""]",Width,N/A,Triple Gate double-tunnel total width · Warren/Conder
3c60b963-e600-81ce-9866-d675406ce625,https://app.notion.com/3c60b963e60081ce9866d675406ce625,2026-08-24 08:12:44Z,C,LEVELCHAIN_RAMBAM_REJ,-16,-8.4,cubit,M-LEVEL-WOMEN-H0-RAMBAM,WOMEN_COURT,"Composite derived level, not a single-source measurement.",Combined production variant: Women→Israel 7.5c + Israel→Priests 2.5c + Priests→Ulam 6c; H0/Ulam FFL=0.,Candidate,"[""https://app.notion.com/3c60b963e60081478b13eb65c1f86716""]",Z/Height,0.525m,Court of Women FFL relative to H0 · combined Rambam/R Eliezer variant
3c60b963-e600-81ce-9a4d-eed1a327c014,https://app.notion.com/3c60b963e60081ce9a4deed1a327c014,2026-08-24 08:08:43Z,B,RAMBAM_AZARAH_Y,24,12.6,cubit,M-AZ-RINGS-S-Y,SLAUGHTER-RINGS,N-S boundary only; E-W footprint unresolved.,Altar north face +16c plus 8c gap to rings.,Candidate,"[""https://app.notion.com/3c60b963e60081b8b14ac66a73c25379"",""https://app.notion.com/3c60b963e60081f9ad7cd6b8e86daf3c""]",Y/N-S,0.525m,Rings zone south Y · Rambam/Yoma closure
3c60b963-e600-81d0-b8c6-c3b0b45ef011,https://app.notion.com/3c60b963e60081d0b8c6c3b0b45ef011,2026-08-24 05:48:32Z,B,MID-4.7,6,3.15,cubit,M-SAN-NS-08,CELL_S,,Middle-level south side cell width.,Candidate,"[""https://app.notion.com/3c60b963e60081d8adc4ff0eb75baa65""]",Y/N-S,0.525m,Sanctuary NS · south cell 6c
3c60b963-e600-81d3-a7be-c831edc8a8ca,https://app.notion.com/3c60b963e60081d3a7bec831edc8a8ca,2026-08-24 05:26:23Z,B,MID,135,70.875,cubit,M-ISRAEL-Y,ISRAEL_COURT,,Court length across north-south axis.,Candidate,"[""https://app.notion.com/3c60b963e600812b8988de502332ceac""]",Y/N-S,0.525m,Court of Israel N-S · 135 cubits
3c60b963-e600-81d4-b9d5-ed15f656e409,https://app.notion.com/3c60b963e60081d4b9d5ed15f656e409,2026-08-24 05:26:23Z,B,MID,11,5.775,cubit,M-PRIESTS-X,PRIESTS_COURT,,E-W strip width.,Candidate,"[""https://app.notion.com/3c60b963e600812b8988de502332ceac""]",X/E-W,0.525m,Court of Priests width · 11 cubits
3c60b963-e600-81d6-b262-f637c4a79f76,https://app.notion.com/3c60b963e60081d6b262f637c4a79f76,2026-08-24 05:26:23Z,B,MID,135,70.875,cubit,M-WOMEN-X,WOMEN_COURT,,Square Court of Women dimension.,Candidate,"[""https://app.notion.com/3c60b963e6008178b3e4c4528e9f7a41""]",X/E-W,0.525m,Court of Women E-W · 135 cubits
3c60b963-e600-81d7-bb87-cbe343c0728e,https://app.notion.com/3c60b963e60081d7bb87cbe343c0728e,2026-08-24 05:26:23Z,B,MID_STANDARD_GATE,20,10.5,cubit,M-GATE-MID-Z,GATE_STANDARD,Josephus describes a different gate class at 30×15.,"Middot standard doorway, excluding Porch.",Conflict,"[""https://app.notion.com/3c60b963e6008117a894d256d899f98f""]",Z/Height,0.525m,Standard Temple doorway height · 20 cubits
3c60b963-e600-81d8-a3f6-f7e0ca65ec66,https://app.notion.com/3c60b963e60081d8a3f6f7e0ca65ec66,2026-08-24 06:16:04Z,B,HEIGHT_STD,1,0.525,cubit,M-SANCT-ORN2-Z,SANCT_HEIGHT,,Upper kiyyur.,Locked,"[""https://app.notion.com/3c60b963e60081a38da7c81ef15d9c63""]",Z/Height,0.525m,Upper ornament band · 1 cubit
3c60b963-e600-81d8-aa28-c2641b3c32b7,https://app.notion.com/3c60b963e60081d8aa28c2641b3c32b7,2026-08-24 05:48:32Z,B,MID-4.7,6,3.15,cubit,M-SAN-EW-03,HEKHAL_WALL_E,,East-to-west sanctuary chain segment 3/9.,Candidate,"[""https://app.notion.com/3c60b963e60081d8adc4ff0eb75baa65""]",X/E-W,0.525m,Sanctuary EW · Hekhal east wall 6c
3c60b963-e600-81da-af5f-c9dea1d70fe6,https://app.notion.com/3c60b963e60081daaf5fc9dea1d70fe6,2026-08-24 07:24:56Z,A,MID_CELLS,8,,count,M-CELLS-WEST8,SANCT-CELLS-W,,Three lower + three middle + two upper west cells.,Locked,"[""https://app.notion.com/3c60b963e600813c885bcb46530d9be0""]",Radius/Other,N/A,Sanctuary side cells · west count 8
3c60b963-e600-81da-b468-eec6b7108576,https://app.notion.com/3c60b963e60081dab468eec6b7108576,2026-08-24 05:26:23Z,B,MID_STANDARD_GATE,10,5.25,cubit,M-GATE-MID-W,GATE_STANDARD,Do not merge with Josephus regular-gate width.,"Middot standard doorway, excluding Porch.",Conflict,"[""https://app.notion.com/3c60b963e6008117a894d256d899f98f""]",Width,0.525m,Standard Temple doorway width · 10 cubits
3c60b963-e600-81da-beac-c8565acf0d4b,https://app.notion.com/3c60b963e60081dabeacc8565acf0d4b,2026-08-24 08:08:43Z,B,RAMBAM_AZARAH_Y,68.5,35.9625,cubit,M-AZ-PILLAR-ALLOC-N-Y,SLAUGHTER-PILLARS,Secondary reconstruction coordinate.,12.5c Rambam allocation north edge; 8c remains to north wall Y=76.5c.,Candidate,"[""https://app.notion.com/3c60b963e60081f9ad7cd6b8e86daf3c""]",Y/N-S,0.525m,Pillar/service allocation north Y · Rambam
3c60b963-e600-81db-b5b3-f167b541d5b8,https://app.notion.com/3c60b963e60081dbb5b3f167b541d5b8,2026-08-24 07:38:36Z,B,MESIBBAH-PATRICH,17,8.925,cubit,M-MESIBBAH-PATRICH-FLIGHT17C,MESIBBAH,Final segment.,Final reconstructed stair-flight run to outer roof.,Candidate,"[""https://app.notion.com/3c60b963e60081e2a794ed96e48b097a""]",X/E-W,0.525m,Patrich mesibbah final flight run · 17 cubits
3c60b963-e600-81dc-a3ce-f1d5bb705b11,https://app.notion.com/3c60b963e60081dca3cef1d5bb705b11,2026-08-24 07:38:36Z,B,CELL-PATRICH-RITMEYER,44,23.1,cubit,M-CELL-PATRICH-W-RUN44C,SANCT-CELLS-W,3×12c cells +2×4c dividers =44c on lower and middle stories.,Total west-cell run constrained by north/south cell walls in Patrich reconstruction.,Candidate,"[""https://app.notion.com/3c60b963e60081e2a794ed96e48b097a""]",Y/N-S,0.525m,Patrich west-cell longitudinal run · 44 cubits
3c60b963-e600-81dc-aec1-cfcee644271b,https://app.notion.com/3c60b963e60081dcaec1cfcee644271b,2026-08-24 07:13:33Z,A,SHOWBREAD_SYSTEM,14,,count,M-SHB-RODS14-PERSTACK,SHOWBREAD_TABLE,,Half of total rods allocated to each bread stack.,Locked,"[""https://app.notion.com/3c60b963e600814a9432e5f9561ab5e6""]",Radius/Other,N/A,Showbread rods per stack · count 14
3c60b963-e600-81dd-a238-f0838c2b9e26,https://app.notion.com/3c60b963e60081dda238f0838c2b9e26,2026-08-24 06:32:55Z,A,PHYSICAL_A9477,2.5,2.5,meter,M-SOUTH-W122-OFFSET,SUB-011/SUB-020,"Applies to excavated SW sector, not automatically entire south wall.",Shared long wall W122 built parallel to precinct wall about 2.5m to its south.,Candidate,"[""https://app.notion.com/3c60b963e60081b18759cc5641abd6c6""]",Y/N-S,N/A,W122 offset south of Temple Mount wall
3c60b963-e600-81dd-af10-c1c8dff825a2,https://app.notion.com/3c60b963e60081ddaf10c1c8dff825a2,2026-08-24 05:26:23Z,B,MID,20,10.5,cubit,M-HEKHAL-GATE-Z,HEKHAL_GATE,,Hekhal entrance opening.,Candidate,"[""https://app.notion.com/3c60b963e600812b8a3ec4278ec1f297""]",Z/Height,0.525m,Hekhal doorway height · 20 cubits
3c60b963-e600-81dd-afcc-e9297429d3c3,https://app.notion.com/3c60b963e60081ddafcce9297429d3c3,2026-08-24 05:26:23Z,B,MID,70,36.75,cubit,M-HEKHAL-Y,HEKHAL_COMPLEX,,Rear/body width excluding Porch lateral extensions.,Candidate,"[""https://app.notion.com/3c60b963e60081d8adc4ff0eb75baa65""]",Y/N-S,0.525m,Hekhal body N-S · 70 cubits
3c60b963-e600-81e0-a02b-c88e13c704df,https://app.notion.com/3c60b963e60081e0a02bc88e13c704df,2026-08-24 06:44:39Z,B,SECONDARY_TRANSCRIPTION,1.1,1.1,meter,M-TRIPLE-CHAMBER-OPENING-W1_1,SUB-021,Verify against original excavation drawing.,Secondary transcription: rectangular rock-cut opening through partition c.1.1m wide.,Candidate,"[""https://app.notion.com/3c60b963e60081ecb49ceb50c49d7384""]",Width,N/A,Triple Gate chamber connecting opening width · transcribed
3c60b963-e600-81e3-b202-cd09f92aa889,https://app.notion.com/3c60b963e60081e3b202cd09f92aa889,2026-08-24 07:13:33Z,A,SHOWBREAD_LOAF,5,0.4375,handbreadth,M-SHB-LOAF-W5HB,SHOWBREAD_CONTENTS,,Loaf width in Menachot discussion.,Candidate,"[""https://app.notion.com/3c60b963e600814a9432e5f9561ab5e6""]",Width,0.525m,Showbread loaf width · 5 handbreadths
3c60b963-e600-81e3-b28f-ecdf4807546f,https://app.notion.com/3c60b963e60081e3b28fecdf4807546f,2026-08-24 06:43:04Z,B,HISTORICAL_SURVEY_WARREN,5,1.524,foot,M-WARREN-TRIPLE-ROCKCUT-D5FT,SUB-041/SUB-002,"Local maximum/observed depth, not continuous profile.",Warren/Conder: ramp cut into rock in parts to depth c.5 ft.,Candidate,"[""https://app.notion.com/3c60b963e60081028707c20f3c2e9004""]",Z/Height,N/A,Triple ramp maximum rock cut depth
3c60b963-e600-81e3-bf7f-d0539df94454,https://app.notion.com/3c60b963e60081e3bf7fd0539df94454,2026-08-24 06:43:04Z,B,HISTORICAL_SURVEY_WARREN,10.5,3.2004,foot,M-WARREN-DOUBLE-WALLPASS-D10_5FT,SUB-040,"Wall-passage thickness at examined location, not necessarily full gatehouse depth.",Warren/Conder: passage through the Sanctuary wall examined as c.10 ft 6 in thick and rough inside.,Candidate,"[""https://app.notion.com/3c60b963e60081028707c20f3c2e9004""]",Depth,N/A,Double Gate wall passage thickness
3c60b963-e600-81e5-9c80-f05b15ab00a0,https://app.notion.com/3c60b963e60081e59c80f05b15ab00a0,2026-08-24 07:49:13Z,A,NICANOR-RABBINIC-WEST,2,,count,M-NICANOR-WICKETS2,NICANOR-RABBINIC-WEST,Individual wicket dimensions/offsets unresolved.,One wicket on right and one on left.,Locked,"[""https://app.notion.com/3c60b963e60081a18482fb314ae58d10""]",Radius/Other,N/A,Nicanor side wickets · count 2
3c60b963-e600-81e7-975f-f954737bd472,https://app.notion.com/3c60b963e60081e7975ff954737bd472,2026-08-24 06:36:56Z,C,HISTORICAL_SURVEY_WARREN,38,11.5824,foot,M-WARREN-TRIPLE-SILL-DELTA38FT,SUB-041,Historical datum system and later modifications must be normalized before use as modern ASL/local Z.,Historical survey reports Triple Gate sill about 38 ft below Sanctuary level; Double Gate sill said to be same level.,Candidate,"[""https://app.notion.com/3c60b963e60081028707c20f3c2e9004""]",Z/Height,N/A,Triple Gate sill below Sanctuary/platform level · historical
3c60b963-e600-81e7-bba9-cedfb9cf8496,https://app.notion.com/3c60b963e60081e7bba9cedfb9cf8496,2026-08-24 05:48:32Z,B,MID-4.7,20,10.5,cubit,M-SAN-NS-06,HEKHAL_INTERIOR,,Holy Place interior north-south width.,Candidate,"[""https://app.notion.com/3c60b963e60081d8adc4ff0eb75baa65""]",Y/N-S,0.525m,Sanctuary NS · Hekhal interior 20c
3c60b963-e600-81e9-ae18-deab77d6174f,https://app.notion.com/3c60b963e60081e9ae18deab77d6174f,2026-08-24 05:26:23Z,B,MID,40,21,cubit,M-ULAM-GATE-Z,ULAM_GATE,,Front Porch opening height.,Candidate,"[""https://app.notion.com/3c60b963e60081faa927debb290f4639""]",Z/Height,0.525m,Porch doorway height · 40 cubits
3c60b963-e600-81eb-a77d-e9d2e02812e6,https://app.notion.com/3c60b963e60081eba77de9d2e02812e6,2026-08-24 07:24:56Z,A,MAIN_TOP4C,4,2.1,cubit,M-ULAM-LANDING-TOP4C,ULAM-APPROACH,R. Judah gives 5c.,Main Mishnah upper level-space reading.,Conflict,"[""https://app.notion.com/3c60b963e6008182abd1d79866c98995""]",X/E-W,0.525m,Altar→Ulam upper landing · 4 cubits
3c60b963-e600-81eb-b0c7-e9b0068c6818,https://app.notion.com/3c60b963e60081ebb0c7e9b0068c6818,2026-08-24 06:44:39Z,A,PHYSICAL_TRIPLE_CHAMBERS,7.2,7.2,meter,M-TRIPLE-CHAMBER-OFFSET-MIN,SUB-021,Use as range until plan coordinates are digitized.,Excavators report chambers at c.7.2–7.5m south of Triple Gate.,Candidate,"[""https://app.notion.com/3c60b963e60081ecb49ceb50c49d7384""]",Y/N-S,N/A,Triple Gate rock-cut chamber offset from façade · minimum
3c60b963-e600-81ec-b82a-ef55f18f4538,https://app.notion.com/3c60b963e60081ecb82aef55f18f4538,2026-08-24 05:26:23Z,B,MID,32,16.8,cubit,M-ALT-RAMP-X,ALTAR_RAMP,,Ramp runs from south side; axis placement to be aligned in plan.,Candidate,"[""https://app.notion.com/3c60b963e600814dbe16d661ef20f129""]",X/E-W,0.525m,Altar ramp length · 32 cubits
3c60b963-e600-81ee-8c73-d7eeab8216be,https://app.notion.com/3c60b963e60081ee8c73d7eeab8216be,2026-08-24 06:36:56Z,C,HISTORICAL_INFERENCE,17,5.1816,foot,M-WARREN-SOUTH-PASSAGE-W17FT,SUB-040/SUB-041,"Inference, not direct locked portal opening.",Warren/Conder inferred original individual passage width around 17 ft from total tunnel widths.,Conflict,"[""https://app.notion.com/3c60b963e60081028707c20f3c2e9004""]",Width,N/A,South double-tunnel probable passage width · Warren/Conder
3c60b963-e600-81ee-ab92-dbf50bfb1f81,https://app.notion.com/3c60b963e60081eeab92dbf50bfb1f81,2026-08-24 06:32:55Z,A,PHYSICAL_A9477,6.3,6.3,meter,M-SOUTH-FOUND-STONE-L-MAX,SUB-011,"Use as observed range, not standard block module.",Reported observed range of foundation building-stone lengths in Area B.,Candidate,"[""https://app.notion.com/3c60b963e60081b18759cc5641abd6c6""]",X/E-W,N/A,South wall foundation stone · maximum observed length
3c60b963-e600-81ef-9e2e-fb40547c741e,https://app.notion.com/3c60b963e60081ef9e2efb40547c741e,2026-08-24 06:16:04Z,B,HEIGHT_STD,1,0.525,cubit,M-SANCT-CEIL1-Z,SANCT_HEIGHT,,Ceiling build-up component.,Locked,"[""https://app.notion.com/3c60b963e60081a38da7c81ef15d9c63""]",Z/Height,0.525m,Main ceiling · 1 cubit
3c60b963-e600-81f0-8306-ed9446440653,https://app.notion.com/3c60b963e60081f08306ed9446440653,2026-08-24 06:32:55Z,A,PHYSICAL_A9477,0.8,0.8,meter,M-SOUTH-CROSSWALL-W,SUB-011/SUB-020,Excavated sector value.,IAA 2026 cross walls delineating cells.,Candidate,"[""https://app.notion.com/3c60b963e60081b18759cc5641abd6c6""]",Width,N/A,South foundation cell cross-wall width
